timestamp,open,high,low,close,volume,trade_count,vwap
2016-01-04 05:00:00+00:00,60.5,61.490000000000002,60.359999999999999,61.460000000000001,12960758,81325,60.998590999999998
2016-01-05 05:00:00+00:00,62.030000000000001,63.049999999999997,61.850000000000001,62.920000000000002,14144508,80609,62.661073000000002
2016-01-06 05:00:00+00:00,62.479999999999997,63.950000000000003,62.469999999999999,63.549999999999997,17460312,102581,63.551861000000002
2016-01-07 05:00:00+00:00,62.969999999999999,65.230000000000004,62.920000000000002,65.030000000000001,28149730,151186,64.700389999999999
2016-01-08 05:00:00+00:00,65.079999999999998,65.409999999999997,63.409999999999997,63.539999999999999,19159733,107189,64.348415000000003
2016-01-11 05:00:00+00:00,63.75,64.465000000000003,63.625,64.219999999999999,13987052,75790,64.056359
2016-01-12 05:00:00+00:00,64.379999999999995,64.730000000000004,63.430999999999997,63.619999999999997,13431889,74602,63.842213999999998
2016-01-13 05:00:00+00:00,63.609999999999999,63.729999999999997,61.829999999999998,61.920000000000002,14282184,92387,62.357627000000001
2016-01-14 05:00:00+00:00,62.020000000000003,63.619999999999997,61.82,63.060000000000002,13762565,78465,62.821384999999999
2016-01-15 05:00:00+00:00,61.539999999999999,62.469999999999999,61.259999999999998,61.93,17273320,97206,61.835614999999997
2016-01-19 05:00:00+00:00,62.25,62.799999999999997,62.009999999999998,62.560000000000002,13834934,78934,62.426175000000001
2016-01-20 05:00:00+00:00,61.799999999999997,62.329999999999998,60.200000000000003,60.840000000000003,18060295,113200,60.946368999999997
2016-01-21 05:00:00+00:00,60.979999999999997,62.789999999999999,60.909999999999997,61.880000000000003,12514983,85027,61.952350000000003
2016-01-22 05:00:00+00:00,62.439999999999998,63.259999999999998,62.130000000000003,62.689999999999998,10012107,61916,62.728129000000003
2016-01-25 05:00:00+00:00,62.700000000000003,63.82,62.549999999999997,63.450000000000003,13748189,75704,63.437148000000001
2016-01-26 05:00:00+00:00,63.380000000000003,64.469999999999999,63.259999999999998,64,10257220,56724,64.027226999999996
2016-01-27 05:00:00+00:00,64.109999999999999,65.180000000000007,63.890000000000001,63.950000000000003,10695753,70604,64.369400999999996
2016-01-28 05:00:00+00:00,64.030000000000001,64.510000000000005,63.43,64.219999999999999,11776108,71910,64.076586000000006
2016-01-29 05:00:00+00:00,64.75,66.530000000000001,64.739999999999995,66.359999999999999,18470801,95637,65.861536000000001
2016-02-01 05:00:00+00:00,65.909999999999997,67.930000000000007,65.890000000000001,67.5,15541392,92748,67.283339999999995
2016-02-02 05:00:00+00:00,67.299999999999997,67.840000000000003,66.280000000000001,66.859999999999999,13883984,72646,66.866568000000001
2016-02-03 05:00:00+00:00,67.420000000000002,67.5,65.069999999999993,66.269999999999996,12696026,89831,66.273647999999994
2016-02-04 05:00:00+00:00,65.760000000000005,66.549999999999997,65.010000000000005,66.420000000000002,13275333,92517,65.860708000000002
2016-02-05 05:00:00+00:00,66.849999999999994,67.530000000000001,65.879999999999995,67,14754863,90160,66.869853000000006
2016-02-08 05:00:00+00:00,66.5,67.150000000000006,65.162999999999997,66.900000000000006,21173778,103323,66.242869999999996
2016-02-09 05:00:00+00:00,65.510000000000005,66.409999999999997,64.680000000000007,65.810000000000002,15316855,95136,65.571528999999998
2016-02-10 05:00:00+00:00,66.200000000000003,66.590000000000003,65.644999999999996,65.790000000000006,10247351,64835,66.218451999999999
2016-02-11 05:00:00+00:00,65.010000000000005,65.760000000000005,64.780000000000001,65.319999999999993,12152161,78941,65.198780999999997
2016-02-12 05:00:00+00:00,65.519999999999996,66.25,64.870000000000005,66.180000000000007,10989060,56674,65.898613999999995
2016-02-16 05:00:00+00:00,66.609999999999999,66.799999999999997,65.5,65.900000000000006,12059553,66708,65.952309
2016-02-17 05:00:00+00:00,66.099999999999994,66.609999999999999,65.810000000000002,66.109999999999999,13728935,71548,66.229568
2016-02-18 05:00:00+00:00,63.799999999999997,64.780000000000001,62.350000000000001,64.120000000000005,29233192,153209,63.575096000000002
2016-02-19 05:00:00+00:00,63.890000000000001,64.765000000000001,63.439999999999998,64.659999999999997,16894300,79209,64.351057999999995
2016-02-22 05:00:00+00:00,64.959999999999994,66.135000000000005,64.959999999999994,65.629999999999995,11361718,60845,65.636855999999995
2016-02-23 05:00:00+00:00,65.840000000000003,66.599999999999994,65.280000000000001,66.480000000000004,12799363,68265,66.126262999999994
2016-02-24 05:00:00+00:00,66.189999999999998,67.329999999999998,65.719999999999999,67.120000000000005,10729716,61975,66.573323000000002
2016-02-25 05:00:00+00:00,67.480000000000004,68.129999999999995,67.329999999999998,68.040000000000006,10491719,60289,67.817053999999999
2016-02-26 05:00:00+00:00,68.099999999999994,68.200000000000003,66.299999999999997,66.510000000000005,11583437,74446,66.753980999999996
2016-02-29 05:00:00+00:00,66.640000000000001,66.950000000000003,66.219999999999999,66.340000000000003,10382072,56401,66.607478999999998
2016-03-01 05:00:00+00:00,66.650000000000006,66.890000000000001,66,66.459999999999994,11838732,63323,66.394462000000004
2016-03-02 05:00:00+00:00,66.25,66.670000000000002,66,66.209999999999994,9800056,59807,66.197151000000005
2016-03-03 05:00:00+00:00,65.959999999999994,66.200000000000003,64.879999999999995,66.140000000000001,12504015,73842,65.686339000000004
2016-03-04 05:00:00+00:00,66.140000000000001,67.280000000000001,66.090000000000003,66.780000000000001,10520197,66800,66.692447000000001
2016-03-07 05:00:00+00:00,66.620000000000005,68.480000000000004,66.269999999999996,67.890000000000001,13452425,76843,67.974457000000001
2016-03-08 05:00:00+00:00,67.670000000000002,68.469999999999999,67.484999999999999,68.040000000000006,10823933,59167,68.019138999999996
2016-03-09 05:00:00+00:00,67.790000000000006,67.989999999999995,67.120000000000005,67.530000000000001,8224683,53547,67.597545999999994
2016-03-10 05:00:00+00:00,67.549999999999997,68.034999999999997,66.400000000000006,67.409999999999997,10544860,67103,67.111293000000003
2016-03-11 05:00:00+00:00,67.769999999999996,67.939999999999998,66.799999999999997,67.170000000000002,9015329,54098,67.308783000000005
2016-03-14 04:00:00+00:00,67.150000000000006,67.670000000000002,66.959999999999994,67.359999999999999,7660144,41970,67.353666000000004
2016-03-15 04:00:00+00:00,67.030000000000001,68.349000000000004,67,68.090000000000003,7949835,51964,68.019570999999999
2016-03-16 04:00:00+00:00,67.939999999999998,68.340000000000003,67.25,67.989999999999995,9544730,50325,67.847132000000002
2016-03-17 04:00:00+00:00,67.819999999999993,68.920000000000002,67.260000000000005,67.450000000000003,12831771,72869,67.901886000000005
2016-03-18 04:00:00+00:00,67.480000000000004,68.030000000000001,66.75,66.950000000000003,35096288,65322,67.178282999999993
2016-03-21 04:00:00+00:00,67.030000000000001,68.379999999999995,66.969999999999999,67.969999999999999,10039897,54381,67.925370000000001
2016-03-22 04:00:00+00:00,68,68.680000000000007,67.790000000000006,67.870000000000005,8061824,45242,68.030385999999993
2016-03-23 04:00:00+00:00,68.010000000000005,68.099999999999994,67.439999999999998,67.459999999999994,6533302,38008,67.676258000000004
2016-03-24 04:00:00+00:00,67.430000000000007,68.040000000000006,67.379999999999995,68,6913704,35862,67.798112000000003
2016-03-28 04:00:00+00:00,67.930000000000007,68.575000000000003,67.930000000000007,68.120000000000005,5969153,40237,68.225629999999995
2016-03-29 04:00:00+00:00,68.150000000000006,68.209100000000007,67.430000000000007,68.030000000000001,6890752,40626,67.839152999999996
2016-03-30 04:00:00+00:00,68.329999999999998,69,68.290000000000006,68.799999999999997,7742361,43685,68.651266000000007
2016-03-31 04:00:00+00:00,68.75,69.189999999999998,68.469999999999999,68.489999999999995,7052704,37218,68.688715000000002
2016-04-01 04:00:00+00:00,68.019999999999996,69.200000000000003,68.019999999999996,69.060000000000002,7449403,40663,68.872004000000004
2016-04-04 04:00:00+00:00,69,69.370000000000005,68.920000000000002,69.099999999999994,7226067,46625,69.126829999999998
2016-04-05 04:00:00+00:00,69,69.25,68.269999999999996,68.640000000000001,6134540,38048,68.624984999999995
2016-04-06 04:00:00+00:00,68.700000000000003,69.060000000000002,68.519999999999996,69.040000000000006,5944350,32681,68.881698
2016-04-07 04:00:00+00:00,68.829999999999998,68.930000000000007,67.944999999999993,68.219999999999999,6518416,36379,68.271902999999995
2016-04-08 04:00:00+00:00,68.310000000000002,68.390000000000001,67.859999999999999,68.060000000000002,7107453,39470,68.041145
2016-04-11 04:00:00+00:00,68.010000000000005,68.370000000000005,67.379999999999995,67.400000000000006,8409311,40471,67.861017000000004
2016-04-12 04:00:00+00:00,67.620000000000005,68.870000000000005,67.450000000000003,68.799999999999997,8449827,44969,68.496101999999993
2016-04-13 04:00:00+00:00,69.010000000000005,69.420000000000002,68.870000000000005,69.150000000000006,6557949,36076,69.157027999999997
2016-04-14 04:00:00+00:00,69.150000000000006,69.239999999999995,68.150000000000006,68.799999999999997,7457022,38826,68.741882000000004
2016-04-15 04:00:00+00:00,68.939999999999998,69.409999999999997,68.939999999999998,69.060000000000002,9979666,33271,69.106273000000002
2016-04-18 04:00:00+00:00,69.019999999999996,69.900000000000006,68.849999999999994,69.859999999999999,7926554,33028,69.641953000000001
2016-04-19 04:00:00+00:00,69.790000000000006,70.079999999999998,69.5,69.769999999999996,8939510,39568,69.807896
2016-04-20 04:00:00+00:00,69.790000000000006,69.989999999999995,69.131,69.209999999999994,5790561,34197,69.412323000000001
2016-04-21 04:00:00+00:00,69.480000000000004,69.680000000000007,68.239999999999995,68.469999999999999,6897511,42410,68.924487999999997
2016-04-22 04:00:00+00:00,68.819999999999993,68.939999999999998,68.280000000000001,68.719999999999999,7032330,37426,68.625056000000001
2016-04-25 04:00:00+00:00,68.549999999999997,69.5,68.060000000000002,69.469999999999999,6251989,35522,69.079768999999999
2016-04-26 04:00:00+00:00,69.700000000000003,69.889899999999997,69.099999999999994,69.299999999999997,7781379,36305,69.357789999999994
2016-04-27 04:00:00+00:00,69.489999999999995,69.780000000000001,68.989999999999995,69.420000000000002,5498875,33900,69.442121999999998
2016-04-28 04:00:00+00:00,69.049999999999997,69.620000000000005,68.75,68.909999999999997,5262370,29924,69.155255999999994
2016-04-29 04:00:00+00:00,68.730000000000004,68.819999999999993,66.359999999999999,66.870000000000005,13160819,67329,66.943668000000002
2016-05-02 04:00:00+00:00,66.620000000000005,67.700000000000003,66.530000000000001,67.590000000000003,8811996,47429,67.294900999999996
2016-05-03 04:00:00+00:00,66.859999999999999,67.495000000000005,66.75,67,6490526,38592,67.138546000000005
2016-05-04 04:00:00+00:00,66.849999999999994,67.489999999999995,66.439999999999998,67.189999999999998,6407740,40127,67.173095000000004
2016-05-05 04:00:00+00:00,66.969999999999999,67.25,66.579999999999998,67.209999999999994,8439233,44221,66.934012999999993
2016-05-06 04:00:00+00:00,66.920000000000002,68.260000000000005,66.799999999999997,68.25,10520374,56993,67.788557999999995
2016-05-09 04:00:00+00:00,68.25,69.099999999999994,68.159999999999997,68.950000000000003,9753193,50377,68.856896000000006
2016-05-10 04:00:00+00:00,68.920000000000002,69.129999999999995,68.450000000000003,68.790000000000006,6715258,39785,68.753009000000006
2016-05-11 04:00:00+00:00,67.469999999999999,67.5,65.609999999999999,66.409999999999997,15368513,80911,66.225037
2016-05-12 04:00:00+00:00,66.510000000000005,67.049999999999997,66.379999999999995,66.849999999999994,10686756,56492,66.867085000000003
2016-05-13 04:00:00+00:00,66.489999999999995,66.549999999999997,64.650000000000006,64.939999999999998,14681106,83215,65.160974999999993
2016-05-16 04:00:00+00:00,64.859999999999999,66.349999999999994,64.680000000000007,66.019999999999996,11488532,52499,65.876407999999998
2016-05-17 04:00:00+00:00,66.060000000000002,66.269999999999996,64.879999999999995,65.099999999999994,9932422,61108,65.291516999999999
2016-05-18 04:00:00+00:00,63.020000000000003,63.777000000000001,62.719999999999999,63.149999999999999,23185856,135383,63.156637000000003
2016-05-19 04:00:00+00:00,68.099999999999994,69.329999999999998,67.5,69.200000000000003,36041829,198932,68.734834000000006
2016-05-20 04:00:00+00:00,69.329999999999998,70.140000000000001,68.849999999999994,69.859999999999999,17986867,109017,69.768525999999994
2016-05-23 04:00:00+00:00,69.599999999999994,70.060000000000002,69.439999999999998,69.5,11452506,58713,69.686304000000007
2016-05-24 04:00:00+00:00,69.700000000000003,70.420000000000002,69.549999999999997,70.239999999999995,9261407,58278,70.160004999999998
2016-05-25 04:00:00+00:00,70.25,70.995000000000005,70.239999999999995,70.480000000000004,7514471,53652,70.700495000000004
2016-05-26 04:00:00+00:00,70.689999999999998,71.375,70.599999999999994,70.849999999999994,9990256,50969,70.899991
2016-05-27 04:00:00+00:00,70.810000000000002,70.890000000000001,70.489999999999995,70.75,6204877,38542,70.727647000000005
2016-05-31 04:00:00+00:00,70.549999999999997,71,70.480000000000004,70.780000000000001,10028526,48035,70.790863999999999
2016-06-01 04:00:00+00:00,70.480000000000004,70.905000000000001,70.409999999999997,70.5,7801562,52386,70.583539000000002
2016-06-02 04:00:00+00:00,70.5,71,70.144999999999996,70.950000000000003,7003450,44743,70.670230000000004
2016-06-03 04:00:00+00:00,70.569999999999993,71.049999999999997,70.519999999999996,70.870000000000005,6864624,48038,70.855616999999995
2016-06-06 04:00:00+00:00,71.519999999999996,71.549999999999997,71,71.049999999999997,9781145,64352,71.155128000000005
2016-06-07 04:00:00+00:00,71.079999999999998,71.310000000000002,70.849999999999994,71.030000000000001,8151019,48202,71.076982999999998
2016-06-08 04:00:00+00:00,70.810000000000002,71.450000000000003,70.799999999999997,71.280000000000001,6642252,42478,71.227412999999999
2016-06-09 04:00:00+00:00,71.359999999999999,71.590000000000003,70.849999999999994,71.090000000000003,6391613,44324,71.139478999999994
2016-06-10 04:00:00+00:00,71,71.409999999999997,70.680000000000007,71.140000000000001,8237970,53999,71.095363000000006
2016-06-13 04:00:00+00:00,71.010000000000005,71.180000000000007,70.484999999999999,70.530000000000001,9830328,51065,70.647350000000003
2016-06-14 04:00:00+00:00,70.659999999999997,71.170000000000002,70.200000000000003,70.950000000000003,9649561,68041,70.804672999999994
2016-06-15 04:00:00+00:00,71.200000000000003,71.614999999999995,71,71.120000000000005,8810156,54909,71.322433000000004
2016-06-16 04:00:00+00:00,71,71.459999999999994,70.799999999999997,71.299999999999997,7116596,51597,71.193731
2016-06-17 04:00:00+00:00,71.049999999999997,71.310000000000002,70.400000000000006,70.950000000000003,27546297,61075,70.983239999999995
2016-06-20 04:00:00+00:00,71.310000000000002,71.780000000000001,71.049999999999997,71.099999999999994,7543209,53728,71.331548999999995
2016-06-21 04:00:00+00:00,70.950000000000003,71.719999999999999,70.950000000000003,71.459999999999994,7261819,45857,71.446853000000004
2016-06-22 04:00:00+00:00,71.599999999999994,72.25,71.564999999999998,71.75,8900163,59587,71.923451999999997
2016-06-23 04:00:00+00:00,72.200000000000003,72.239999999999995,71.784999999999997,72.099999999999994,7545038,43217,71.977959999999996
2016-06-24 04:00:00+00:00,70.549999999999997,72.719999999999999,70.510000000000005,71.959999999999994,17535854,96116,72.085487000000001
2016-06-27 04:00:00+00:00,71.640000000000001,71.769999999999996,70.875,71.5,13038604,80950,71.429219000000003
2016-06-28 04:00:00+00:00,71.760000000000005,71.870000000000005,70.670000000000002,71.510000000000005,9229757,63382,71.337863999999996
2016-06-29 04:00:00+00:00,71.629999999999995,72.489999999999995,71.560000000000002,72.459999999999994,7707411,50529,72.272267999999997
2016-06-30 04:00:00+00:00,72.549999999999997,73.194999999999993,72.319999999999993,73.019999999999996,9877285,59047,72.931708
2016-07-01 04:00:00+00:00,73.129999999999995,73.170000000000002,72.415000000000006,72.810000000000002,8188819,51516,72.731577999999999
2016-07-05 04:00:00+00:00,72.75,73.620000000000005,72.680000000000007,73.140000000000001,11881013,67982,73.316997000000001
2016-07-06 04:00:00+00:00,73.260000000000005,73.980000000000004,73.170000000000002,73.819999999999993,12621910,70483,73.737207999999995
2016-07-07 04:00:00+00:00,73.739999999999995,73.932100000000005,73.150000000000006,73.530000000000001,8298362,49819,73.459429999999998
2016-07-08 04:00:00+00:00,73.819999999999993,73.849999999999994,73.239999999999995,73.840000000000003,9784649,46132,73.589293999999995
2016-07-11 04:00:00+00:00,73.670000000000002,74.349999999999994,73.5,74.060000000000002,9856120,46751,74.129678999999996
2016-07-12 04:00:00+00:00,73.560000000000002,73.730000000000004,73,73.269999999999996,13749612,66300,73.309010999999998
2016-07-13 04:00:00+00:00,73.25,73.629999999999995,72.939999999999998,73.620000000000005,6922474,47057,73.437669999999997
2016-07-14 04:00:00+00:00,73.790000000000006,74.109999999999999,73.609999999999999,73.700000000000003,7261641,44539,73.793059999999997
2016-07-15 04:00:00+00:00,73.980000000000004,74.010000000000005,73.439999999999998,73.670000000000002,7094832,42959,73.718958999999998
2016-07-18 04:00:00+00:00,73.640000000000001,74.180000000000007,73.530000000000001,73.840000000000003,6017718,40571,73.892273000000003
2016-07-19 04:00:00+00:00,73.640000000000001,73.959999999999994,73.584999999999994,73.659999999999997,5771340,34398,73.707845000000006
2016-07-20 04:00:00+00:00,73.879999999999995,74.109999999999999,73.629999999999995,73.790000000000006,5603027,33121,73.792586
2016-07-21 04:00:00+00:00,73.430000000000007,73.656000000000006,73.140000000000001,73.519999999999996,4911440,29973,73.481408999999999
2016-07-22 04:00:00+00:00,73.769999999999996,73.909999999999997,73.420000000000002,73.549999999999997,4747814,30089,73.549007000000003
2016-07-25 04:00:00+00:00,73.549999999999997,73.834999999999994,73.409999999999997,73.75,5123450,32839,73.688485
2016-07-26 04:00:00+00:00,73.75,74.069999999999993,73.409999999999997,73.730000000000004,5529462,39294,73.700736000000006
2016-07-27 04:00:00+00:00,73.659999999999997,73.819999999999993,73.135000000000005,73.319999999999993,6120267,39259,73.395392999999999
2016-07-28 04:00:00+00:00,73.140000000000001,73.319999999999993,72.469999999999999,73.239999999999995,4868596,35361,72.961073999999996
2016-07-29 04:00:00+00:00,73.170000000000002,73.25,72.760000000000005,72.969999999999999,7857804,34894,72.964333999999994
2016-08-01 04:00:00+00:00,72.810000000000002,73.989999999999995,72.810000000000002,73.780000000000001,6388630,44581,73.701019000000002
2016-08-02 04:00:00+00:00,73.700000000000003,73.719999999999999,72.629999999999995,73.129999999999995,6916361,46951,73.020436000000004
2016-08-03 04:00:00+00:00,73,73.400000000000006,72.510000000000005,72.939999999999998,6945572,45481,72.887288999999996
2016-08-04 04:00:00+00:00,72.799999999999997,73.489999999999995,72.590000000000003,73.299999999999997,5379476,37098,73.127891000000005
2016-08-05 04:00:00+00:00,73.459999999999994,73.950000000000003,73.459999999999994,73.760000000000005,6181349,39659,73.728272000000004
2016-08-08 04:00:00+00:00,74,74.069999999999993,73.040000000000006,73.340000000000003,7790789,40048,73.368309999999994
2016-08-09 04:00:00+00:00,73.359999999999999,73.879999999999995,73.079999999999998,73.540000000000006,7582850,42267,73.583695000000006
2016-08-10 04:00:00+00:00,73.569999999999993,74.510000000000005,73.390000000000001,73.950000000000003,8466471,53950,74.08135
2016-08-11 04:00:00+00:00,74.5,74.799999999999997,73.530000000000001,73.799999999999997,6720840,45600,73.896786000000006
2016-08-12 04:00:00+00:00,73.819999999999993,74.120000000000005,73.560000000000002,73.890000000000001,10406625,59698,73.940044
2016-08-15 04:00:00+00:00,73.870000000000005,74.010000000000005,73.109999999999999,73.319999999999993,11134115,51608,73.373085000000003
2016-08-16 04:00:00+00:00,72.590000000000003,73.310000000000002,72.209999999999994,72.890000000000001,10419923,63968,72.975387999999995
2016-08-17 04:00:00+00:00,71.989999999999995,72.950000000000003,71.989999999999995,72.930000000000007,14912325,97845,72.611027000000007
2016-08-18 04:00:00+00:00,74.939999999999998,75.189999999999998,73.870000000000005,74.299999999999997,27974899,161672,74.310906000000003
2016-08-19 04:00:00+00:00,74.200000000000003,74.290000000000006,72.670000000000002,72.810000000000002,16615475,96302,73.271612000000005
2016-08-22 04:00:00+00:00,73.060000000000002,73.140000000000001,72.450000000000003,72.700000000000003,11413264,69618,72.741285000000005
2016-08-23 04:00:00+00:00,72.890000000000001,73.069999999999993,71.959999999999994,71.969999999999999,10150326,61368,72.363804000000002
2016-08-24 04:00:00+00:00,71.969999999999999,72.75,71.760000000000005,72.230000000000004,10551896,66421,72.339107999999996
2016-08-25 04:00:00+00:00,72.370000000000005,72.579999999999998,71.049999999999997,71.219999999999999,10965064,71374,71.460648000000006
2016-08-26 04:00:00+00:00,71.409999999999997,71.689999999999998,70.890000000000001,71.140000000000001,10439499,73355,71.274010000000004
2016-08-29 04:00:00+00:00,71.150000000000006,71.659999999999997,71.099999999999994,71.400000000000006,7972487,47701,71.354769000000005
2016-08-30 04:00:00+00:00,71.430000000000007,71.760000000000005,71.150000000000006,71.310000000000002,6634273,36317,71.325407999999996
2016-08-31 04:00:00+00:00,71.459999999999994,71.640000000000001,71.150000000000006,71.439999999999998,7357367,38495,71.402191999999999
2016-09-01 04:00:00+00:00,71.569999999999993,72.859999999999999,71.409999999999997,72.840000000000003,12440663,74134,72.405180999999999
2016-09-02 04:00:00+00:00,72.989999999999995,73.189999999999998,72.415000000000006,72.5,9293407,49435,72.589686999999998
2016-09-06 04:00:00+00:00,72.75,73.079999999999998,72.200000000000003,73,10136856,64175,72.822470999999993
2016-09-07 04:00:00+00:00,73,73.049999999999997,72.010000000000005,72.060000000000002,10171203,61738,72.349410000000006
2016-09-08 04:00:00+00:00,71.890000000000001,72.319999999999993,71.709999999999994,71.829999999999998,10722488,57914,71.939496000000005
2016-09-09 04:00:00+00:00,71.319999999999993,71.509900000000002,70.299999999999997,70.299999999999997,13390780,81542,70.562757000000005
2016-09-12 04:00:00+00:00,70.790000000000006,72.239999999999995,70.719999999999999,71.939999999999998,11682772,72988,71.565220999999994
2016-09-13 04:00:00+00:00,71.840000000000003,71.909999999999997,71.150000000000006,71.459999999999994,8215231,55956,71.557554999999994
2016-09-14 04:00:00+00:00,71.620000000000005,72.060000000000002,71.400000000000006,71.519999999999996,7451648,51886,71.700474999999997
2016-09-15 04:00:00+00:00,71.480000000000004,72.560000000000002,71.260000000000005,72.400000000000006,8103371,49932,72.245918000000003
2016-09-16 04:00:00+00:00,72.319999999999993,72.959999999999994,72.219999999999999,72.870000000000005,17962090,68859,72.662056000000007
2016-09-19 04:00:00+00:00,72.640000000000001,72.870000000000005,72.090000000000003,72.090000000000003,7470703,46684,72.381069999999994
2016-09-20 04:00:00+00:00,72.150000000000006,72.549999999999997,71.900000000000006,71.969999999999999,6401321,38304,72.052019000000001
2016-09-21 04:00:00+00:00,72.189999999999998,72.540000000000006,71.512600000000006,72.189999999999998,7142990,45328,72.016761000000002
2016-09-22 04:00:00+00:00,72.430000000000007,72.540000000000006,71.989999999999995,72.269999999999996,6342766,46775,72.316716
2016-09-23 04:00:00+00:00,72.629999999999995,72.769999999999996,72.340000000000003,72.349999999999994,8228566,50511,72.480939000000006
2016-09-26 04:00:00+00:00,72.310000000000002,72.329999999999998,71.519999999999996,71.620000000000005,6618697,39844,71.767900999999995
2016-09-27 04:00:00+00:00,71.930000000000007,72.489999999999995,71.579999999999998,72.329999999999998,6862229,43240,72.156720000000007
2016-09-28 04:00:00+00:00,72.219999999999999,72.319999999999993,71.379999999999995,71.790000000000006,6720916,43090,71.754154999999997
2016-09-29 04:00:00+00:00,71.569999999999993,71.709999999999994,70.620000000000005,70.730000000000004,8544206,56261,70.988832000000002
2016-09-30 04:00:00+00:00,71.5,72.454999999999998,71.400000000000006,72.120000000000005,11486411,56788,72.167817999999997
2016-10-03 04:00:00+00:00,71.829999999999998,72.144999999999996,71.599999999999994,72.010000000000005,6768508,39825,71.929185000000004
2016-10-04 04:00:00+00:00,72,72.569999999999993,71.549999999999997,71.75,7262135,48910,71.944565999999995
2016-10-05 04:00:00+00:00,71.870000000000005,72.265000000000001,71.599999999999994,71.670000000000002,6988191,45327,71.851753000000002
2016-10-06 04:00:00+00:00,70.200000000000003,70.430000000000007,68.890000000000001,69.359999999999999,20867409,123844,69.580044000000001
2016-10-07 04:00:00+00:00,69.260000000000005,69.469999999999999,68.170000000000002,68.700000000000003,13548843,82694,68.570363999999998
2016-10-10 04:00:00+00:00,68.799999999999997,68.959999999999994,67.75,67.980000000000004,10036102,56578,68.054805000000002
2016-10-11 04:00:00+00:00,67.959999999999994,67.959999999999994,67.299999999999997,67.390000000000001,9040473,57547,67.514179999999996
2016-10-12 04:00:00+00:00,67.450000000000003,67.909999999999997,67.369900000000001,67.459999999999994,10076640,50624,67.601709
2016-10-13 04:00:00+00:00,67.189999999999998,68.540000000000006,67.069999999999993,68.230000000000004,9845456,59936,68.193511000000001
2016-10-14 04:00:00+00:00,68.420000000000002,68.810000000000002,68.209999999999994,68.450000000000003,6984755,44803,68.561593999999999
2016-10-17 04:00:00+00:00,68.650000000000006,68.650000000000006,67.799999999999997,68.219999999999999,8835617,41640,68.229290000000006
2016-10-18 04:00:00+00:00,68.569999999999993,68.980000000000004,68.230000000000004,68.870000000000005,8334727,52872,68.761528999999996
2016-10-19 04:00:00+00:00,69.219999999999999,69.340000000000003,68.694999999999993,68.890000000000001,7648951,45834,69.006338
2016-10-20 04:00:00+00:00,68.980000000000004,69.079999999999998,68.569999999999993,68.730000000000004,6733120,44256,68.758330999999998
2016-10-21 04:00:00+00:00,68.340000000000003,68.629999999999995,67.989999999999995,68.340000000000003,8987256,47303,68.317781999999994
2016-10-24 04:00:00+00:00,68.620000000000005,69.370000000000005,68.390000000000001,69.189999999999998,7741679,43840,69.008876000000001
2016-10-25 04:00:00+00:00,69.010000000000005,69.870000000000005,69,69.359999999999999,8084996,47315,69.545439999999999
2016-10-26 04:00:00+00:00,69.299999999999997,69.810000000000002,69.140000000000001,69.590000000000003,5421104,33383,69.550323000000006
2016-10-27 04:00:00+00:00,69.599999999999994,70,69.390000000000001,69.829999999999998,7560329,44252,69.783767999999995
2016-10-28 04:00:00+00:00,69.799999999999997,70.209999999999994,69.730000000000004,69.989999999999995,7560743,48638,70.027928000000003
2016-10-31 04:00:00+00:00,70.060000000000002,70.170000000000002,69.849999999999994,70.019999999999996,7628717,37225,70.042006999999998
2016-11-01 04:00:00+00:00,69.980000000000004,70.060000000000002,69.140000000000001,69.299999999999997,9664651,54169,69.535454999999999
2016-11-02 04:00:00+00:00,69.200000000000003,69.969999999999999,69.200000000000003,69.450000000000003,8350038,46730,69.574584000000002
2016-11-03 04:00:00+00:00,69.579999999999998,70.079999999999998,69.349999999999994,69.629999999999995,7191106,47679,69.806031000000004
2016-11-04 04:00:00+00:00,69.709999999999994,69.939999999999998,69.129999999999995,69.159999999999997,7741919,46420,69.310040999999998
2016-11-07 05:00:00+00:00,69.620000000000005,69.840000000000003,69.159999999999997,69.780000000000001,11004265,61794,69.598353000000003
2016-11-08 05:00:00+00:00,69.709999999999994,70.040000000000006,69.469999999999999,69.790000000000006,8169489,48758,69.904094999999998
2016-11-09 05:00:00+00:00,69.299999999999997,71.5,69.290000000000006,71.109999999999999,18529621,106037,70.762403000000006
2016-11-10 05:00:00+00:00,71.25,72.090000000000003,71,71.390000000000001,14994657,103725,71.544488999999999
2016-11-11 05:00:00+00:00,71.109999999999999,71.280000000000001,70.599999999999994,71.230000000000004,8984440,59566,71.002134999999996
2016-11-14 05:00:00+00:00,71.159999999999997,71.310000000000002,70.189999999999998,70.489999999999995,13773508,73553,70.500082000000006
2016-11-15 05:00:00+00:00,70.790000000000006,71.420000000000002,70.349999999999994,71.420000000000002,10521907,66504,70.967264
2016-11-16 05:00:00+00:00,71.700000000000003,72.060000000000002,71.329999999999998,71.390000000000001,11719291,73026,71.585116999999997
2016-11-17 05:00:00+00:00,69.079999999999998,69.519999999999996,68.120000000000005,69.189999999999998,24652247,134181,68.812770999999998
2016-11-18 05:00:00+00:00,68.930000000000007,69.400000000000006,68.439999999999998,68.540000000000006,13239708,61879,68.682387000000006
2016-11-21 05:00:00+00:00,68.609999999999999,69.400000000000006,68.420000000000002,69.370000000000005,8931705,47264,69.106756000000004
2016-11-22 05:00:00+00:00,69.730000000000004,70.420000000000002,69.730000000000004,70.120000000000005,11646561,64155,70.153847999999996
2016-11-23 05:00:00+00:00,70.219999999999999,70.885000000000005,70.180000000000007,70.829999999999998,8068322,45980,70.691785999999993
2016-11-25 05:00:00+00:00,71.109999999999999,71.650000000000006,70.980000000000004,71.230000000000004,4649892,25271,71.306341000000003
2016-11-28 05:00:00+00:00,70.930000000000007,71.519999999999996,70.799999999999997,71.189999999999998,7728808,43818,71.246028999999993
2016-11-29 05:00:00+00:00,71.379999999999995,71.790000000000006,71.200000000000003,71.370000000000005,8229739,44770,71.463097000000005
2016-11-30 05:00:00+00:00,70.909999999999997,71.159999999999997,70.165000000000006,70.430000000000007,11183246,46058,70.585920000000002
2016-12-01 05:00:00+00:00,70.25,70.730000000000004,70.049999999999997,70.670000000000002,7510042,52953,70.501188999999997
2016-12-02 05:00:00+00:00,70.579999999999998,70.950000000000003,70.450000000000003,70.879999999999995,7327528,46114,70.755206000000001
2016-12-05 05:00:00+00:00,70.900000000000006,70.989999999999995,69.810000000000002,69.939999999999998,11371540,67537,70.239885000000001
2016-12-06 05:00:00+00:00,70.010000000000005,70.390000000000001,69.5,70.359999999999999,8186375,50002,70.112399999999994
2016-12-07 05:00:00+00:00,69.930000000000007,70.650000000000006,69.900000000000006,70.599999999999994,7539340,46629,70.343281000000005
2016-12-08 05:00:00+00:00,70.480000000000004,70.900000000000006,70.319999999999993,70.340000000000003,7760084,44889,70.501930000000002
2016-12-09 05:00:00+00:00,70.269999999999996,70.430000000000007,69.739999999999995,70.079999999999998,11843157,63372,69.960749000000007
2016-12-12 05:00:00+00:00,70.069999999999993,71.780000000000001,70.019999999999996,71.670000000000002,9784909,59968,71.343501000000003
2016-12-13 05:00:00+00:00,71.670000000000002,72.230000000000004,71.609999999999999,71.799999999999997,9579254,54137,71.917851999999996
2016-12-14 05:00:00+00:00,71.900000000000006,72.480000000000004,71.180000000000007,71.340000000000003,9204072,60410,71.762326000000002
2016-12-15 05:00:00+00:00,71.219999999999999,71.799999999999997,71.030000000000001,71.079999999999998,7829643,50909,71.344638000000003
2016-12-16 05:00:00+00:00,71.069999999999993,71.640000000000001,70.594999999999999,70.980000000000004,26076238,59372,71.027782999999999
2016-12-19 05:00:00+00:00,70.840000000000003,71.748999999999995,70.840000000000003,71.579999999999998,6452969,41505,71.486424
2016-12-20 05:00:00+00:00,71.730000000000004,71.933199999999999,71.510000000000005,71.819999999999993,7110865,40853,71.779762000000005
2016-12-21 05:00:00+00:00,71.659999999999997,72,71.239999999999995,71.239999999999995,5692943,37200,71.538432
2016-12-22 05:00:00+00:00,71.239999999999995,71.239999999999995,69.209999999999994,69.590000000000003,13144311,62602,69.808229999999995
2016-12-23 05:00:00+00:00,69.430000000000007,69.748999999999995,69.359999999999999,69.540000000000006,5147464,33685,69.528873000000004
2016-12-27 05:00:00+00:00,69.299999999999997,69.814999999999998,69.25,69.700000000000003,4830820,31341,69.640501999999998
2016-12-28 05:00:00+00:00,69.939999999999998,70,69.260000000000005,69.310000000000002,5180639,37234,69.533963
2016-12-29 05:00:00+00:00,69.180000000000007,69.519999999999996,69.120000000000005,69.260000000000005,4637656,30971,69.331909999999993
2016-12-30 05:00:00+00:00,69.120000000000005,69.430000000000007,68.829999999999998,69.120000000000005,8079217,35997,69.118769
2017-01-03 05:00:00+00:00,69.239999999999995,69.239999999999995,68.049999999999997,68.659999999999997,11407560,64118,68.457055999999994
2017-01-04 05:00:00+00:00,68.659999999999997,69.629999999999995,68.599999999999994,69.060000000000002,8855065,48967,69.243866999999995
2017-01-05 05:00:00+00:00,68.430000000000007,69.329999999999998,68.120000000000005,69.209999999999994,7854902,45112,69.020894999999996
2017-01-06 05:00:00+00:00,68.409999999999997,68.5,68.010000000000005,68.260000000000005,10148403,52183,68.263998999999998
2017-01-09 05:00:00+00:00,68.329999999999998,68.799999999999997,68.319999999999993,68.709999999999994,9999506,44728,68.663274000000001
2017-01-10 05:00:00+00:00,68.700000000000003,69.269999999999996,68.219999999999999,68.230000000000004,11758165,53737,68.548069999999996
2017-01-11 05:00:00+00:00,68.230000000000004,68.620000000000005,68.189999999999998,68.530000000000001,7578692,38362,68.444443000000007
2017-01-12 05:00:00+00:00,68.359999999999999,68.560000000000002,67.920000000000002,67.969999999999999,7167636,43102,68.093738999999999
2017-01-13 05:00:00+00:00,67.980000000000004,68.019999999999996,67.079999999999998,67.129999999999995,10819980,59889,67.332441000000003
2017-01-17 05:00:00+00:00,68.099999999999994,69.290000000000006,68.060000000000002,68.420000000000002,14336538,72091,68.667491999999996
2017-01-18 05:00:00+00:00,67.879999999999995,68.109999999999999,67.540000000000006,68.109999999999999,7877500,46629,67.851586999999995
2017-01-19 05:00:00+00:00,68.129999999999995,68.189999999999998,67.480000000000004,67.620000000000005,7544558,35152,67.698719999999994
2017-01-20 05:00:00+00:00,67.739999999999995,67.829999999999998,67.019999999999996,67.180000000000007,14025516,50915,67.262597999999997
2017-01-23 05:00:00+00:00,67.010000000000005,67.179900000000004,66.560000000000002,66.650000000000006,8458617,40091,66.758457000000007
2017-01-24 05:00:00+00:00,66.890000000000001,67.409999999999997,66.659999999999997,67.400000000000006,11478286,50371,67.137422000000001
2017-01-25 05:00:00+00:00,67.519999999999996,67.730000000000004,66.790000000000006,66.890000000000001,9353456,46716,67.100069000000005
2017-01-26 05:00:00+00:00,67.129999999999995,67.2239,66.620000000000005,66.730000000000004,7055513,43532,66.872444000000002
2017-01-27 05:00:00+00:00,66.859999999999999,66.969999999999999,65.280000000000001,65.659999999999997,13927265,73925,65.752576000000005
2017-01-30 05:00:00+00:00,65.629999999999995,66.480000000000004,65.629999999999995,66.420000000000002,9323395,49999,66.210459999999998
2017-01-31 05:00:00+00:00,66.209999999999994,66.890000000000001,65.879999999999995,66.739999999999995,10852659,46422,66.509198999999995
2017-02-01 05:00:00+00:00,66.420000000000002,66.713899999999995,66.040000000000006,66.230000000000004,10031388,48720,66.371402000000003
2017-02-02 05:00:00+00:00,66.340000000000003,67.140000000000001,66.340000000000003,66.700000000000003,9786331,52301,66.756992999999994
2017-02-03 05:00:00+00:00,66.819999999999993,66.930000000000007,66.444999999999993,66.5,8519228,39317,66.596029999999999
2017-02-06 05:00:00+00:00,66.370000000000005,66.864999999999995,66.370000000000005,66.400000000000006,9875625,44362,66.587360000000004
2017-02-07 05:00:00+00:00,66.560000000000002,67,66.510000000000005,66.890000000000001,6333590,36596,66.809084999999996
2017-02-08 05:00:00+00:00,66.890000000000001,67.819999999999993,66.890000000000001,67.810000000000002,8197479,47878,67.532607999999996
2017-02-09 05:00:00+00:00,67.799999999999997,69.140000000000001,67.75,69.079999999999998,11590922,69795,68.841481999999999
2017-02-10 05:00:00+00:00,68.25,68.599999999999994,67.760000000000005,68.019999999999996,13268158,75765,68.004983999999993
2017-02-13 05:00:00+00:00,68.319999999999993,68.650000000000006,67.560000000000002,67.769999999999996,9492898,45001,67.861645999999993
2017-02-14 05:00:00+00:00,67.879999999999995,68.680000000000007,67.709999999999994,68.659999999999997,9142581,49980,68.287846000000002
2017-02-15 05:00:00+00:00,67.760000000000005,68.709999999999994,67.760000000000005,68.689999999999998,9414295,52898,68.498239999999996
2017-02-16 05:00:00+00:00,68.670000000000002,69.239999999999995,68.609999999999999,68.870000000000005,9177375,55770,68.880951999999994
2017-02-17 05:00:00+00:00,68.829999999999998,69.784999999999997,68.694999999999993,69.370000000000005,13708778,71664,69.190926000000005
2017-02-21 05:00:00+00:00,71.209999999999994,72.280000000000001,70.700000000000003,71.450000000000003,24072402,126882,71.538572000000002
2017-02-22 05:00:00+00:00,72.25,72.370000000000005,71.480000000000004,71.709999999999994,16207062,96107,71.845747000000003
2017-02-23 05:00:00+00:00,72,72.5,71.159999999999997,71.310000000000002,13451348,84690,71.796379999999999
2017-02-24 05:00:00+00:00,71.340000000000003,72.799999999999997,71.299999999999997,72.390000000000001,14659459,94108,72.162228999999996
2017-02-27 05:00:00+00:00,72.280000000000001,72.420000000000002,71.525000000000006,71.739999999999995,9842105,61742,71.813585000000003
2017-02-28 05:00:00+00:00,70.840000000000003,71,70,70.930000000000007,18050918,88027,70.653222999999997
2017-03-01 05:00:00+00:00,70.969999999999999,71.079999999999998,70.150000000000006,70.450000000000003,14570948,82623,70.478312000000003
2017-03-02 05:00:00+00:00,70.420000000000002,70.900000000000006,70.170000000000002,70.760000000000005,9969330,53496,70.657240000000002
2017-03-03 05:00:00+00:00,70.810000000000002,71.019999999999996,69.879999999999995,70.030000000000001,10543904,49450,70.122781000000003
2017-03-06 05:00:00+00:00,70,70.435000000000002,69.780000000000001,69.879999999999995,10185322,51523,69.973421000000002
2017-03-07 05:00:00+00:00,69.950000000000003,70.209999999999994,69.859999999999999,69.870000000000005,7879893,43173,69.955126000000007
2017-03-08 05:00:00+00:00,69.689999999999998,70.030000000000001,69.540000000000006,69.799999999999997,9007995,45718,69.799431999999996
2017-03-09 05:00:00+00:00,69.75,70.040000000000006,69.560000000000002,69.859999999999999,8006494,39877,69.810869999999994
2017-03-10 05:00:00+00:00,70.019999999999996,70.364999999999995,69.799999999999997,70.099999999999994,7866890,38353,70.119508999999994
2017-03-13 04:00:00+00:00,69.969999999999999,70.450000000000003,69.709999999999994,69.950000000000003,7555795,38644,69.992968000000005
2017-03-14 04:00:00+00:00,70.769999999999996,71.204999999999998,70.719999999999999,70.719999999999999,10479213,57911,70.893918999999997
2017-03-15 04:00:00+00:00,70.5,70.700000000000003,70.019999999999996,70.579999999999998,9220494,56024,70.373037999999994
2017-03-16 04:00:00+00:00,70.109999999999999,70.700000000000003,70.069999999999993,70.439999999999998,7758720,47122,70.456682000000001
2017-03-17 04:00:00+00:00,70.590000000000003,70.750100000000003,69.810000000000002,69.890000000000001,19999061,40778,70.230160999999995
2017-03-20 04:00:00+00:00,70.140000000000001,70.450000000000003,69.709999999999994,69.980000000000004,8635667,40806,69.997144000000006
2017-03-21 04:00:00+00:00,70.180000000000007,70.400000000000006,69.689999999999998,69.900000000000006,9339294,52702,69.966705000000005
2017-03-22 04:00:00+00:00,70.030000000000001,70.340000000000003,69.719999999999999,70.25,7325193,35808,70.061862000000005
2017-03-23 04:00:00+00:00,70.159999999999997,70.310000000000002,69.745000000000005,69.859999999999999,7332793,37732,70.075996000000004
2017-03-24 04:00:00+00:00,69.989999999999995,70.170000000000002,69.5274,69.609999999999999,6415405,36638,69.694740999999993
2017-03-27 04:00:00+00:00,69.519999999999996,70.069999999999993,69.359999999999999,69.659999999999997,6239996,39878,69.724232000000001
2017-03-28 04:00:00+00:00,69.390000000000001,70.370000000000005,69.329999999999998,70.319999999999993,7771614,43200,70.043800000000005
2017-03-29 04:00:00+00:00,70.349999999999994,71.180000000000007,70.310000000000002,70.739999999999995,7314244,44153,70.795287999999999
2017-03-30 04:00:00+00:00,70.640000000000001,71.719999999999999,70.640000000000001,71.590000000000003,8483960,48127,71.464277999999993
2017-03-31 04:00:00+00:00,71.319999999999993,72.560000000000002,71.230000000000004,72.079999999999998,10942331,58358,72.005116000000001
2017-04-03 04:00:00+00:00,72.079999999999998,72.530000000000001,71.780000000000001,71.829999999999998,8714055,53769,72.047820999999999
2017-04-04 04:00:00+00:00,71.75,72.060000000000002,71.531999999999996,72.010000000000005,5959954,38898,71.877167
2017-04-05 04:00:00+00:00,71.640000000000001,72.310000000000002,71.555000000000007,71.650000000000006,6697554,43314,71.888113000000004
2017-04-06 04:00:00+00:00,71.700000000000003,72.099999999999994,71.379999999999995,71.430000000000007,6740130,38528,71.608548999999996
2017-04-07 04:00:00+00:00,72.099999999999994,72.989999999999995,71.799999999999997,72.900000000000006,11441035,56421,72.646208000000001
2017-04-10 04:00:00+00:00,72.989999999999995,73.480000000000004,72.730000000000004,73.060000000000002,8542220,44086,73.087441999999996
2017-04-11 04:00:00+00:00,72.989999999999995,73.450000000000003,72.930000000000007,73.430000000000007,6171946,39340,73.268002999999993
2017-04-12 04:00:00+00:00,73.549999999999997,73.829999999999998,73.25,73.439999999999998,7320666,42614,73.481542000000005
2017-04-13 04:00:00+00:00,73.370000000000005,73.655000000000001,73.150000000000006,73.150000000000006,5986009,33340,73.285470000000004
2017-04-17 04:00:00+00:00,73.159999999999997,73.579999999999998,73.150000000000006,73.489999999999995,6156742,32126,73.430313999999996
2017-04-18 04:00:00+00:00,73.540000000000006,74.099999999999994,73.480000000000004,73.890000000000001,6957453,44760,73.828267999999994
2017-04-19 04:00:00+00:00,74.099999999999994,74.379999999999995,73.859999999999999,74.069999999999993,6504699,35678,74.118117999999996
2017-04-20 04:00:00+00:00,74.140000000000001,75.109999999999999,74.109999999999999,74.799999999999997,8731970,43449,74.781441000000001
2017-04-21 04:00:00+00:00,74.739999999999995,75.109999999999999,74.599999999999994,74.939999999999998,6272720,39480,74.923072000000005
2017-04-24 04:00:00+00:00,75.079999999999998,75.400000000000006,74.420000000000002,74.780000000000001,9216110,39057,74.823554999999999
2017-04-25 04:00:00+00:00,74.969999999999999,75.170000000000002,74.859999999999999,75.049999999999997,6447527,35686,75.018347000000006
2017-04-26 04:00:00+00:00,75.269999999999996,75.766300000000001,75.170000000000002,75.430000000000007,7811769,41352,75.515755999999996
2017-04-27 04:00:00+00:00,75.540000000000006,75.700000000000003,75.019999999999996,75.439999999999998,6707186,35357,75.338831999999996
2017-04-28 04:00:00+00:00,75.239999999999995,75.439999999999998,74.930000000000007,75.180000000000007,8519291,37556,75.175149000000005
2017-05-01 04:00:00+00:00,75.090000000000003,75.715000000000003,75.090000000000003,75.230000000000004,6692822,39892,75.339360999999997
2017-05-02 04:00:00+00:00,75.299999999999997,75.709999999999994,75.25,75.519999999999996,7871807,46051,75.507360000000006
2017-05-03 04:00:00+00:00,75.400000000000006,75.879999999999995,75.177499999999995,75.760000000000005,5865882,34768,75.637535999999997
2017-05-04 04:00:00+00:00,75.930000000000007,76.394999999999996,75.829999999999998,76.340000000000003,6144393,35919,76.237289000000004
2017-05-05 04:00:00+00:00,76.420000000000002,76.604299999999995,76.180000000000007,76.5,5924388,37349,76.416721999999993
2017-05-08 04:00:00+00:00,76.5,76.519999999999996,76.069999999999993,76.120000000000005,7270824,39430,76.214096999999995
2017-05-09 04:00:00+00:00,76.439999999999998,77.049999999999997,76.329999999999998,76.719999999999999,8565100,54545,76.829724999999996
2017-05-10 04:00:00+00:00,76.329999999999998,76.780000000000001,76.190200000000004,76.700000000000003,8271495,46847,76.525008
2017-05-11 04:00:00+00:00,76.349999999999994,76.719999999999999,75.924999999999997,76.129999999999995,9253741,42877,76.219586000000007
2017-05-12 04:00:00+00:00,75.950000000000003,76.25,75.370000000000005,75.709999999999994,6306277,40037,75.773294000000007
2017-05-15 04:00:00+00:00,75.799999999999997,76.469999999999999,75.799999999999997,76.290000000000006,10176549,43935,76.245902999999998
2017-05-16 04:00:00+00:00,76.269999999999996,76.269999999999996,75.079999999999998,75.109999999999999,9074540,50949,75.387191000000001
2017-05-17 04:00:00+00:00,75.069999999999993,75.730000000000004,74.959999999999994,75.120000000000005,11704295,66463,75.239424999999997
2017-05-18 04:00:00+00:00,76.900000000000006,77.659999999999997,76.129999999999995,77.540000000000006,20031104,97435,77.162824000000001
2017-05-19 04:00:00+00:00,77.969999999999999,79.439999999999998,77.769999999999996,78.769999999999996,21261871,100218,78.712646000000007
2017-05-22 04:00:00+00:00,78.650000000000006,79,78.295000000000002,78.549999999999997,9692031,50239,78.608374999999995
2017-05-23 04:00:00+00:00,78.579999999999998,78.969999999999999,78.439999999999998,78.489999999999995,7895944,48156,78.677802999999997
2017-05-24 04:00:00+00:00,78.560000000000002,78.6053,78.140000000000001,78.150000000000006,7977150,49063,78.268157000000002
2017-05-25 04:00:00+00:00,78.359999999999999,78.849999999999994,78.150000000000006,78.310000000000002,6535623,45150,78.391643999999999
2017-05-26 04:00:00+00:00,78.370000000000005,78.539900000000003,77.790000000000006,78.129999999999995,6617888,40213,78.082955999999996
2017-05-30 04:00:00+00:00,78,78.400000000000006,77.930000000000007,78.150000000000006,5842631,35711,78.204376999999994
2017-05-31 04:00:00+00:00,78.349999999999994,78.920000000000002,78.219999999999999,78.599999999999994,9606743,45606,78.576920000000001
2017-06-01 04:00:00+00:00,78.640000000000001,79.810000000000002,78.599999999999994,79.810000000000002,8698412,50602,79.417057
2017-06-02 04:00:00+00:00,79.799999999999997,79.930000000000007,79.219999999999999,79.620000000000005,8623063,47890,79.556098000000006
2017-06-05 04:00:00+00:00,79.599999999999994,80.474999999999994,79.480000000000004,80.260000000000005,10617517,68985,80.075434000000001
2017-06-06 04:00:00+00:00,79.430000000000007,79.560000000000002,78.260000000000005,78.930000000000007,12232421,72949,78.919850999999994
2017-06-07 04:00:00+00:00,79.079999999999998,79.5,78.733000000000004,79.150000000000006,9195443,56392,79.130871999999997
2017-06-08 04:00:00+00:00,79.579999999999998,80.129999999999995,78.230000000000004,78.930000000000007,11408456,72457,78.970010000000002
2017-06-09 04:00:00+00:00,79.030000000000001,79.560000000000002,78.719999999999999,79.420000000000002,10018961,62035,79.316497999999996
2017-06-12 04:00:00+00:00,79.400000000000006,80.370000000000005,78.840000000000003,79.239999999999995,11433774,68447,79.314189999999996
2017-06-13 04:00:00+00:00,79.209999999999994,79.569999999999993,78.890000000000001,79.519999999999996,6108607,41049,79.400823000000003
2017-06-14 04:00:00+00:00,79.519999999999996,80.034999999999997,79.260000000000005,79.900000000000006,5500883,36582,79.789454000000006
2017-06-15 04:00:00+00:00,79.180000000000007,79.299999999999997,77.760000000000005,78.909999999999997,12089283,70228,78.691604999999996
2017-06-16 04:00:00+00:00,73.950000000000003,75.5,73.290000000000006,75.239999999999995,64278420,258653,74.658580000000001
2017-06-19 04:00:00+00:00,75.379999999999995,76.010000000000005,74.519999999999996,75.5,17087704,87057,75.324567999999999
2017-06-20 04:00:00+00:00,75.879999999999995,75.920000000000002,75.319999999999993,75.540000000000006,10678152,55632,75.618489999999994
2017-06-21 04:00:00+00:00,75.599999999999994,76.605000000000004,75.579999999999998,76.239999999999995,9439880,58376,76.253694999999993
2017-06-22 04:00:00+00:00,76.030000000000001,76.060000000000002,75.299999999999997,75.519999999999996,8657214,51327,75.611155999999994
2017-06-23 04:00:00+00:00,75.599999999999994,75.780000000000001,74.549999999999997,74.840000000000003,16001479,55947,74.897362999999999
2017-06-26 04:00:00+00:00,74.950000000000003,75.930000000000007,74.920000000000002,75.5,9488176,48890,75.543548000000001
2017-06-27 04:00:00+00:00,75.519999999999996,76.370000000000005,75.450000000000003,76.010000000000005,6990326,43786,76.010458
2017-06-28 04:00:00+00:00,76.25,76.799999999999997,76.140000000000001,76.510000000000005,7439781,45557,76.550860999999998
2017-06-29 04:00:00+00:00,76.25,76.319999999999993,75.484999999999999,75.930000000000007,8271030,45087,75.878508999999994
2017-06-30 04:00:00+00:00,76.079999999999998,76.269999999999996,75.670000000000002,75.680000000000007,8056804,40315,75.810957999999999
2017-07-03 04:00:00+00:00,75.840000000000003,76.340000000000003,75.079999999999998,75.359999999999999,5279173,33647,75.542175999999998
2017-07-05 04:00:00+00:00,75.549999999999997,75.950000000000003,75.165000000000006,75.319999999999993,6710525,41761,75.462845999999999
2017-07-06 04:00:00+00:00,75.349999999999994,75.969999999999999,75.239999999999995,75.469999999999999,7039523,40589,75.576357999999999
2017-07-07 04:00:00+00:00,75.650000000000006,75.819999999999993,75.049999999999997,75.329999999999998,5702981,35215,75.386521000000002
2017-07-10 04:00:00+00:00,75.150000000000006,75.310000000000002,73.129999999999995,73.230000000000004,15815399,85945,73.771117000000004
2017-07-11 04:00:00+00:00,73.379999999999995,74.049999999999997,73.329999999999998,73.469999999999999,7983906,51370,73.671159000000003
2017-07-12 04:00:00+00:00,73.75,74.209999999999994,73.659999999999997,73.939999999999998,6322425,32874,73.978452000000004
2017-07-13 04:00:00+00:00,74.670000000000002,75.25,74.510000000000005,75.049999999999997,9124457,48381,75.032131000000007
2017-07-14 04:00:00+00:00,76.269999999999996,76.555000000000007,75.909999999999997,76.340000000000003,10190756,54039,76.277446999999995
2017-07-17 04:00:00+00:00,76.290000000000006,76.870000000000005,76.189999999999998,76.370000000000005,10519958,43814,76.485510000000005
2017-07-18 04:00:00+00:00,76.239999999999995,76.542900000000003,76,76.200000000000003,4716640,31187,76.215365000000006
2017-07-19 04:00:00+00:00,76.079999999999998,76.219999999999999,75.599999999999994,75.870000000000005,6124816,29107,75.859189999999998
2017-07-20 04:00:00+00:00,75.980000000000004,76.25,75.700000000000003,76.019999999999996,5594683,29824,76.000356999999994
2017-07-21 04:00:00+00:00,75.840000000000003,76.230000000000004,75.549999999999997,76.150000000000006,8892008,31960,76.015726000000001
2017-07-24 04:00:00+00:00,76.030000000000001,77.155000000000001,76.030000000000001,76.890000000000001,8271872,42268,76.844264999999993
2017-07-25 04:00:00+00:00,77.609999999999999,78.859999999999999,77.390000000000001,78.519999999999996,12594889,65940,78.341481000000002
2017-07-26 04:00:00+00:00,78.549999999999997,79.170000000000002,77.939999999999998,78.900000000000006,7096609,44622,78.666708
2017-07-27 04:00:00+00:00,78.719999999999999,79.855000000000004,78.480000000000004,79.780000000000001,8813890,49965,79.422972000000001
2017-07-28 04:00:00+00:00,79.799999999999997,79.954999999999998,79.534999999999997,79.810000000000002,5315559,33139,79.732005000000001
2017-07-31 04:00:00+00:00,79.819999999999993,80.340000000000003,79.694999999999993,79.989999999999995,7134431,38486,80.047561999999999
2017-08-01 04:00:00+00:00,80.25,80.730000000000004,80,80.5,6307989,38219,80.438407999999995
2017-08-02 04:00:00+00:00,80.340000000000003,81.109999999999999,80.299999999999997,80.530000000000001,9128911,58781,80.722071
2017-08-03 04:00:00+00:00,81.340000000000003,81.760000000000005,80.670000000000002,80.870000000000005,10633503,60807,81.089028999999996
2017-08-04 04:00:00+00:00,81.060000000000002,81.400000000000006,80.209999999999994,80.480000000000004,7668751,48614,80.484008000000003
2017-08-07 04:00:00+00:00,80.569999999999993,81.450000000000003,80.540000000000006,81.280000000000001,6225515,36816,81.174649000000002
2017-08-08 04:00:00+00:00,81.170000000000002,81.859999999999999,80.900000000000006,81.590000000000003,7881762,45795,81.552875
2017-08-09 04:00:00+00:00,81.109999999999999,81.989999999999995,80.900999999999996,81.609999999999999,7059781,43741,81.518096999999997
2017-08-10 04:00:00+00:00,81.079999999999998,81.400000000000006,80.549999999999997,80.659999999999997,8584072,56334,80.899771999999999
2017-08-11 04:00:00+00:00,80.730000000000004,81.25,80.359999999999999,80.400000000000006,8503926,50866,80.665346999999997
2017-08-14 04:00:00+00:00,80.579999999999998,81.239999999999995,80.5,80.700000000000003,8500175,47947,80.760160999999997
2017-08-15 04:00:00+00:00,80.829999999999998,81.400000000000006,80.540000000000006,80.769999999999996,8559373,43408,80.923992999999996
2017-08-16 04:00:00+00:00,81.269999999999996,81.439999999999998,80.540000000000006,80.980000000000004,12364305,71842,80.957730999999995
2017-08-17 04:00:00+00:00,78.849999999999994,79.805000000000007,78.329999999999998,79.700000000000003,17991108,101235,79.279591999999994
2017-08-18 04:00:00+00:00,79.620000000000005,80.349999999999994,79.280000000000001,79.310000000000002,11592770,55802,79.653932999999995
2017-08-21 04:00:00+00:00,79.120000000000005,80.069999999999993,78.790000000000006,79.709999999999994,11372361,43090,79.674329999999998
2017-08-22 04:00:00+00:00,79.799999999999997,80.159999999999997,79.709999999999994,80.019999999999996,7013225,38049,80.019864999999996
2017-08-23 04:00:00+00:00,80.349999999999994,80.560000000000002,79.879999999999995,79.959999999999994,8280053,43701,80.134576999999993
2017-08-24 04:00:00+00:00,80.609999999999999,80.879999999999995,77.849999999999994,78.340000000000003,19900660,114411,79.059499000000002
2017-08-25 04:00:00+00:00,78.5,79.090000000000003,78.480000000000004,78.629999999999995,10448372,65424,78.765767999999994
2017-08-28 04:00:00+00:00,78.409999999999997,78.461799999999997,77.859999999999999,78.030000000000001,9829419,48574,78.056691000000001
2017-08-29 04:00:00+00:00,77.670000000000002,78.980000000000004,77.5,78.769999999999996,8389156,48052,78.593457000000001
2017-08-30 04:00:00+00:00,78.819999999999993,79.099999999999994,78.519999999999996,78.540000000000006,6222109,36475,78.713312999999999
2017-08-31 04:00:00+00:00,78.599999999999994,78.75,78.060000000000002,78.069999999999993,9494183,44847,78.235680000000002
2017-09-01 04:00:00+00:00,78.310000000000002,78.5,78.209999999999994,78.370000000000005,6892182,44719,78.357921000000005
2017-09-05 04:00:00+00:00,77.950000000000003,79.890000000000001,77.900000000000006,79.799999999999997,13010343,74708,79.350781999999995
2017-09-06 04:00:00+00:00,79.879999999999995,80.400000000000006,79.719999999999999,80.079999999999998,9486782,45288,80.086241999999999
2017-09-07 04:00:00+00:00,80.319999999999993,80.760000000000005,80,80.120000000000005,7597429,43979,80.226224999999999
2017-09-08 04:00:00+00:00,79.739999999999995,79.875,77.730000000000004,78.879999999999995,10840506,62341,78.878426000000005
2017-09-11 04:00:00+00:00,79.150000000000006,79.349999999999994,78.659999999999997,79.079999999999998,7991681,37901,79.076275999999993
2017-09-12 04:00:00+00:00,79.280000000000001,79.909999999999997,79.170000000000002,79.609999999999999,6429355,37856,79.529228000000003
2017-09-13 04:00:00+00:00,79.609999999999999,80.680000000000007,79.590000000000003,79.859999999999999,9276588,58209,80.092265999999995
2017-09-14 04:00:00+00:00,79.790000000000006,79.819999999999993,79.215000000000003,79.680000000000007,7834081,40583,79.597993000000002
2017-09-15 04:00:00+00:00,79.810000000000002,80.75,79.269999999999996,80.379999999999995,19223955,43751,80.172302000000002
2017-09-18 04:00:00+00:00,80.209999999999994,81.120000000000005,79.950000000000003,80,9560794,44496,80.346357999999995
2017-09-19 04:00:00+00:00,80.25,80.459999999999994,79.700000000000003,80.049999999999997,6836773,36032,80.037261000000001
2017-09-20 04:00:00+00:00,80.170000000000002,80.560000000000002,79.870000000000005,80.5,5839015,35495,80.351444000000001
2017-09-21 04:00:00+00:00,80.569999999999993,80.569999999999993,79.719999999999999,80.010000000000005,7473559,32449,80.021531999999993
2017-09-22 04:00:00+00:00,79.879999999999995,80.079999999999998,79.245000000000005,79.530000000000001,6319259,35014,79.55395
2017-09-25 04:00:00+00:00,78.920000000000002,80.099999999999994,78.859999999999999,79.150000000000006,9478159,48149,79.386336
2017-09-26 04:00:00+00:00,79.040000000000006,79.540000000000006,78.920000000000002,79.390000000000001,6474318,33832,79.303788999999995
2017-09-27 04:00:00+00:00,79.420000000000002,79.569999999999993,78.670000000000002,79.290000000000006,7279724,35654,79.246751000000003
2017-09-28 04:00:00+00:00,79,79.079999999999998,78.120000000000005,78.950000000000003,15737842,56912,78.809033999999997
2017-09-29 04:00:00+00:00,78.849999999999994,79,77.980000000000004,78.140000000000001,11352216,52959,78.395380000000003
2017-10-02 04:00:00+00:00,77.900000000000006,78.829999999999998,77.5,78.450000000000003,8503978,52884,78.387251000000006
2017-10-03 04:00:00+00:00,78.829999999999998,79.659999999999997,78.75,79.219999999999999,8418473,50509,79.279965000000004
2017-10-04 04:00:00+00:00,79.269999999999996,79.781300000000002,79.069999999999993,79.090000000000003,6704407,38482,79.367779999999996
2017-10-05 04:00:00+00:00,79.200000000000003,79.810000000000002,79.079999999999998,79.409999999999997,5726830,30351,79.466307
2017-10-06 04:00:00+00:00,78.780000000000001,79.170000000000002,78.25,79,6813325,35033,78.899401999999995
2017-10-09 04:00:00+00:00,79.5,81.379999999999995,79.400999999999996,80.530000000000001,14806676,74681,80.570684999999997
2017-10-10 04:00:00+00:00,82.680000000000007,84.879999999999995,82.609999999999999,84.129999999999995,25916773,143416,84.118785000000003
2017-10-11 04:00:00+00:00,84.590000000000003,86.290000000000006,84.099999999999994,85.730000000000004,19611087,95120,85.533317999999994
2017-10-12 04:00:00+00:00,85.739999999999995,86.370000000000005,85.060000000000002,86.099999999999994,13745722,71992,85.973798000000002
2017-10-13 04:00:00+00:00,86.239999999999995,86.950000000000003,86.239999999999995,86.620000000000005,10339763,53861,86.621769
2017-10-16 04:00:00+00:00,86.579999999999998,86.620000000000005,85.019999999999996,85.739999999999995,10281016,50947,85.527254999999997
2017-10-17 04:00:00+00:00,85.5,86.355500000000006,85.320999999999998,85.980000000000004,6325430,38052,85.955866999999998
2017-10-18 04:00:00+00:00,86.170000000000002,86.368200000000002,86.010000000000005,86.219999999999999,5885290,32457,86.180217999999996
2017-10-19 04:00:00+00:00,86.150000000000006,86.659999999999997,85.765900000000002,86.400000000000006,7823335,38769,86.312450999999996
2017-10-20 04:00:00+00:00,86.590000000000003,87.450000000000003,86.280000000000001,87.439999999999998,9253050,38388,86.973066000000003
2017-10-23 04:00:00+00:00,87.370000000000005,88.920000000000002,87.260000000000005,88.650000000000006,11954310,60327,88.481195999999997
2017-10-24 04:00:00+00:00,88.689999999999998,88.799999999999997,87.909999999999997,87.980000000000004,8167445,48674,88.330765999999997
2017-10-25 04:00:00+00:00,87.819999999999993,88.599999999999994,87.430000000000007,88.480000000000004,7175717,42148,88.124673000000001
2017-10-26 04:00:00+00:00,88.659999999999997,89.109999999999999,88.019999999999996,88.620000000000005,6904449,45235,88.689612999999994
2017-10-27 04:00:00+00:00,88.219999999999999,88.390000000000001,87.150000000000006,88.170000000000002,7080434,47559,88.036625999999998
2017-10-30 04:00:00+00:00,87.939999999999998,87.950000000000003,86.391000000000005,86.950000000000003,7474696,48089,86.929683999999995
2017-10-31 04:00:00+00:00,86.859999999999999,87.459999999999994,86.599999999999994,87.310000000000002,7158101,34665,87.194090000000003
2017-11-01 04:00:00+00:00,87.069999999999993,88.394999999999996,87,87.939999999999998,6706198,40111,87.946233000000007
2017-11-02 04:00:00+00:00,88.280000000000001,89.165199999999999,87.799999999999997,88.799999999999997,5592502,37897,88.650886999999997
2017-11-03 04:00:00+00:00,89.019999999999996,89.879999999999995,88.760000000000005,89.680000000000007,6900406,46634,89.617373999999998
2017-11-06 05:00:00+00:00,89.420000000000002,89.680000000000007,88.680000000000007,88.700000000000003,5870202,37463,89.012640000000005
2017-11-07 05:00:00+00:00,88.870000000000005,89.060000000000002,88.310000000000002,88.950000000000003,5913369,39653,88.811582999999999
2017-11-08 05:00:00+00:00,89.25,90.420000000000002,89.099999999999994,90.260000000000005,7278380,45982,89.955388999999997
2017-11-09 05:00:00+00:00,89.939999999999998,90.569999999999993,89.349999999999994,90.299999999999997,7366674,47224,90.022790999999998
2017-11-10 05:00:00+00:00,90.200000000000003,91.689999999999998,90.200000000000003,90.920000000000002,8211213,54707,91.108294000000001
2017-11-13 05:00:00+00:00,91.040000000000006,91.980000000000004,90.870000000000005,90.989999999999995,8931041,53234,91.477895000000004
2017-11-14 05:00:00+00:00,90.680000000000007,91.200000000000003,90.180000000000007,91.090000000000003,10598237,63362,90.790958000000003
2017-11-15 05:00:00+00:00,90.340000000000003,90.849999999999994,89.650000000000006,89.829999999999998,9027492,57249,90.201487999999998
2017-11-16 05:00:00+00:00,95.120000000000005,99.680000000000007,94.719999999999999,99.620000000000005,39167096,199796,97.835396000000003
2017-11-17 05:00:00+00:00,99.239999999999995,100.13,96.579999999999998,97.469999999999999,24262634,144857,97.856943999999999
2017-11-20 05:00:00+00:00,96.439999999999998,97.640000000000001,95.760000000000005,97.480000000000004,17294765,95738,96.704345000000004
2017-11-21 05:00:00+00:00,97.739999999999995,97.920000000000002,96.319999999999993,96.519999999999996,13925033,70680,96.792959999999994
2017-11-22 05:00:00+00:00,96.650000000000006,96.809899999999999,96.109999999999999,96.409999999999997,9655163,51180,96.401884999999993
2017-11-24 05:00:00+00:00,96.870000000000005,97.230000000000004,96.530000000000001,96.620000000000005,4771122,26809,96.787914999999998
2017-11-27 05:00:00+00:00,96.849999999999994,97.650000000000006,96.299999999999997,96.620000000000005,9480096,55848,96.846791999999994
2017-11-28 05:00:00+00:00,96.590000000000003,96.885000000000005,95.819999999999993,96.769999999999996,9345379,54671,96.52131
2017-11-29 05:00:00+00:00,97.219999999999999,98.260000000000005,96.879999999999995,97.560000000000002,11987315,71149,97.569723999999994
2017-11-30 05:00:00+00:00,98.090000000000003,98.439999999999998,96.510000000000005,97.230000000000004,15568761,74936,97.325027000000006
2017-12-01 05:00:00+00:00,97.609999999999999,97.709999999999994,96.230000000000004,97.349999999999994,9074891,57985,97.250280000000004
2017-12-04 05:00:00+00:00,97.730000000000004,97.959999999999994,96.674999999999997,97.010000000000005,9539552,65507,97.137866000000002
2017-12-05 05:00:00+00:00,97,97.939999999999998,96.920000000000002,97.829999999999998,9679345,61067,97.635611999999995
2017-12-06 05:00:00+00:00,97.989999999999995,98.140000000000001,97.240099999999998,97.280000000000001,8335105,43297,97.451397999999998
2017-12-07 05:00:00+00:00,97.060000000000002,97.579999999999998,96.650000000000006,96.780000000000001,8132272,42741,97.006854000000004
2017-12-08 05:00:00+00:00,96.670000000000002,96.700000000000003,96.138000000000005,96.549999999999997,6309603,41970,96.390039999999999
2017-12-11 05:00:00+00:00,96.439999999999998,97.269999999999996,96.290000000000006,96.930000000000007,10056207,47291,96.968548999999996
2017-12-12 05:00:00+00:00,96.849999999999994,97.239999999999995,96.599999999999994,96.700000000000003,8542553,45856,96.846141000000003
2017-12-13 05:00:00+00:00,96.659999999999997,97.909999999999997,96.549999999999997,97.760000000000005,8889926,47638,97.586792000000003
2017-12-14 05:00:00+00:00,98.099999999999994,98.569999999999993,97.099999999999994,97.129999999999995,10843940,55246,97.616264000000001
2017-12-15 05:00:00+00:00,97.709999999999994,98.489999999999995,96.909999999999997,97.109999999999999,20572966,53898,97.434224999999998
2017-12-18 05:00:00+00:00,97.379999999999995,98.170000000000002,97.359999999999999,97.900000000000006,9228803,43518,97.900102000000004
2017-12-19 05:00:00+00:00,99.909999999999997,99.909999999999997,98.290000000000006,98.799999999999997,12895661,65735,98.881551999999999
2017-12-20 05:00:00+00:00,99.450000000000003,99.650000000000006,98.450000000000003,98.75,11643307,52481,98.789845999999997
2017-12-21 05:00:00+00:00,99,99.329999999999998,97.980000000000004,98.060000000000002,8291061,35368,98.220370000000003
2017-12-22 05:00:00+00:00,98.290000000000006,98.420000000000002,97.680000000000007,98.209999999999994,6009480,35591,98.081205999999995
2017-12-26 05:00:00+00:00,98.349999999999994,99.439999999999998,98.349999999999994,99.159999999999997,4501462,34278,99.119996999999998
2017-12-27 05:00:00+00:00,99.560000000000002,99.599999999999994,98.829899999999995,99.260000000000005,5769930,29220,99.177944999999994
2017-12-28 05:00:00+00:00,99.469999999999999,99.620000000000005,99.120000000000005,99.400000000000006,12044544,38079,99.397917000000007
2017-12-29 05:00:00+00:00,99.579999999999998,99.689999999999998,98.75,98.75,8618524,33164,98.995305000000002
2018-01-02 05:00:00+00:00,99.299999999999997,99.790000000000006,98.519999999999996,98.590000000000003,10833788,60742,99.027878999999999
2018-01-03 05:00:00+00:00,98.849999999999994,100,98.769999999999996,99.450000000000003,9521289,57216,99.457440000000005
2018-01-04 05:00:00+00:00,99.549999999999997,99.780000000000001,98.911000000000001,99.540000000000006,7739136,49077,99.449845999999994
2018-01-05 05:00:00+00:00,99.640000000000001,100.38,99.609999999999999,100.13,8035605,48556,100.04244
2018-01-08 05:00:00+00:00,100.25,101.75,100.20999999999999,101.61,9660302,53839,101.263842
2018-01-09 05:00:00+00:00,102.05,102.34999999999999,100.31,100.39,8072300,54262,100.82105
2018-01-10 05:00:00+00:00,99.75,99.890000000000001,98.530000000000001,99.670000000000002,8705282,50918,99.489434000000003
2018-01-11 05:00:00+00:00,99.700000000000003,100.45,98.780000000000001,100.02,6956431,50034,99.831750999999997
2018-01-12 05:00:00+00:00,100.39,101.44,100.3,100.87,7540789,51875,100.97135299999999
2018-01-16 05:00:00+00:00,101.34,101.91,100.34,100.69,8060062,47797,100.89092100000001
2018-01-17 05:00:00+00:00,101.15000000000001,102.94,100.7,102.7,9594119,54613,102.16860699999999
2018-01-18 05:00:00+00:00,104.73999999999999,104.94,103.62,104.3,13305179,71038,104.28585099999999
2018-01-19 05:00:00+00:00,104.59999999999999,104.93000000000001,103.66,104.59,8581234,48373,104.406087
2018-01-22 05:00:00+00:00,104.45,105.45,104.04000000000001,105.45,8111710,39812,105.103719
2018-01-23 05:00:00+00:00,105.29000000000001,106.145,104.56999999999999,105.90000000000001,9105482,51243,105.751059
2018-01-24 05:00:00+00:00,106.34,106.44,104.81999999999999,105.79000000000001,7395311,46877,105.742187
2018-01-25 05:00:00+00:00,106,106.80500000000001,105.84999999999999,106.59999999999999,6258531,42608,106.480397
2018-01-26 05:00:00+00:00,107,108.41,106.68000000000001,108.39,6936529,42468,107.675004
2018-01-29 05:00:00+00:00,108.11,109.98,107.98999999999999,109.55,9099481,60937,109.250913
2018-01-30 05:00:00+00:00,109.22,109.3648,107.151,107.73,9768871,66840,107.85645599999999
2018-01-31 05:00:00+00:00,107.77,108.18000000000001,106.06999999999999,106.59999999999999,11708512,61569,107.00304300000001
2018-02-01 05:00:00+00:00,105.95,106.56,105.18000000000001,105.52,6944511,48964,105.849198
2018-02-02 05:00:00+00:00,105.15000000000001,106.47,104.15000000000001,104.48,9998906,64098,105.23318500000001
2018-02-05 05:00:00+00:00,103.40000000000001,104.61,97.090000000000003,100.09,13674751,95108,101.887297
2018-02-06 05:00:00+00:00,97.640000000000001,101.08,97.25,100.90000000000001,17304585,123254,99.785321999999994
2018-02-07 05:00:00+00:00,100.5,104.59,100.01000000000001,102.84999999999999,12040774,85195,103.106329
2018-02-08 05:00:00+00:00,103.23,103.48,100,100.02,14988860,94867,101.19934600000001
2018-02-09 05:00:00+00:00,100.53,101.09999999999999,96.430000000000007,99.370000000000005,15183539,115845,98.850747999999996
2018-02-12 05:00:00+00:00,100.13,100.44499999999999,98.799999999999997,99.549999999999997,10351030,70776,99.667094000000006
2018-02-13 05:00:00+00:00,99.329999999999998,101.22,99.329999999999998,100.98,7632641,46503,100.577619
2018-02-14 05:00:00+00:00,100.86,102.25,100.20999999999999,101.7,7780161,59021,101.296986
2018-02-15 05:00:00+00:00,102.59999999999999,103.64,101.83,103.23,8020346,57985,102.94547799999999
2018-02-16 05:00:00+00:00,103.09,104.94,101.98180000000001,104.78,18013174,106647,104.081907
2018-02-20 05:00:00+00:00,96.989999999999995,97.939999999999998,94.099999999999994,94.109999999999999,52978889,332554,95.078692000000004
2018-02-21 05:00:00+00:00,95.109999999999999,95.340000000000003,91.240099999999998,91.519999999999996,50689059,291057,92.300633000000005
2018-02-22 05:00:00+00:00,91.430000000000007,93.390000000000001,91.310000000000002,92.769999999999996,21656021,122847,92.740104000000002
2018-02-23 05:00:00+00:00,92.879999999999995,93.489999999999995,91.760000000000005,92.890000000000001,13555919,82329,92.658309000000003
2018-02-26 05:00:00+00:00,92.909999999999997,93.799999999999997,92.219999999999999,93.120000000000005,15951837,81364,93.025597000000005
2018-02-27 05:00:00+00:00,93.629999999999995,93.719999999999999,91.510000000000005,91.519999999999996,14322266,89855,92.213576000000003
2018-02-28 05:00:00+00:00,92.030000000000001,92.099999999999994,90,90.010000000000005,15667461,81455,90.753223000000006
2018-03-01 05:00:00+00:00,90.170000000000002,90.180000000000007,87.710099999999997,89.079999999999998,19642303,125141,88.859157999999994
2018-03-02 05:00:00+00:00,87.269999999999996,88.900000000000006,87.239999999999995,88.769999999999996,20027148,127181,88.148726999999994
2018-03-05 05:00:00+00:00,88.099999999999994,90.5,88.071399999999997,89.980000000000004,14206801,85983,89.790689999999998
2018-03-06 05:00:00+00:00,90.359999999999999,90.5,88.629999999999995,89.060000000000002,11677050,71949,89.147192000000004
2018-03-07 05:00:00+00:00,87.980000000000004,88.530000000000001,87.334999999999994,87.739999999999995,12068582,76515,87.785337999999996
2018-03-08 05:00:00+00:00,87.769999999999996,88.130099999999999,87.340000000000003,87.920000000000002,10377258,59192,87.740527
2018-03-09 05:00:00+00:00,88.239999999999995,88.719999999999999,87.530000000000001,88.719999999999999,10450736,56783,88.262083000000004
2018-03-12 04:00:00+00:00,88.700000000000003,89.439999999999998,87.879999999999995,88.069999999999993,9167909,55827,88.369016000000002
2018-03-13 04:00:00+00:00,88.390000000000001,88.900000000000006,87.980099999999993,88.299999999999997,7621503,52836,88.361806000000001
2018-03-14 04:00:00+00:00,88.480000000000004,88.989999999999995,87.5,87.670000000000002,11962262,66046,87.92747
2018-03-15 04:00:00+00:00,87.680000000000007,88.790000000000006,85.903000000000006,87.510000000000005,17853560,99061,87.542856
2018-03-16 04:00:00+00:00,87.719999999999999,90.090000000000003,87.5,89.170000000000002,39155797,92907,89.124431999999999
2018-03-19 04:00:00+00:00,88.900000000000006,89.075000000000003,87.099999999999994,87.450000000000003,13444748,70972,87.661916000000005
2018-03-20 04:00:00+00:00,87.859999999999999,88.147000000000006,87.370000000000005,87.950000000000003,9013823,49569,87.833234000000004
2018-03-21 04:00:00+00:00,87.890000000000001,89.680000000000007,87.680000000000007,88.180000000000007,12724096,72784,88.616174999999998
2018-03-22 04:00:00+00:00,87.530000000000001,88.269999999999996,86.989999999999995,87.140000000000001,13854648,68761,87.469952000000006
2018-03-23 04:00:00+00:00,87.290000000000006,87.739999999999995,85.280000000000001,85.420000000000002,11051169,62043,86.213530000000006
2018-03-26 04:00:00+00:00,86.230000000000004,87.689999999999998,86.109999999999999,87.5,10653369,49875,87.113940999999997
2018-03-27 04:00:00+00:00,87.959999999999994,88.040000000000006,85.480000000000004,86.049999999999997,7177456,50008,86.583309
2018-03-28 04:00:00+00:00,86.260000000000005,88.239999999999995,86.189999999999998,87.769999999999996,12523350,71950,87.584220000000002
2018-03-29 04:00:00+00:00,87.900000000000006,89.340000000000003,87.769999999999996,88.969999999999999,10539850,60151,88.901168999999996
2018-04-02 04:00:00+00:00,88,88.239999999999995,84.840000000000003,85.549999999999997,19988474,112241,85.893878999999998
2018-04-03 04:00:00+00:00,86.230000000000004,86.950000000000003,85.549999999999997,86.799999999999997,10439983,65217,86.320080000000004
2018-04-04 04:00:00+00:00,85.599999999999994,87.495000000000005,85.439999999999998,87.219999999999999,7285110,47550,86.880278000000004
2018-04-05 04:00:00+00:00,87.599999999999994,88.344999999999999,87.049999999999997,87.810000000000002,7569170,42853,87.821757000000005
2018-04-06 04:00:00+00:00,86.829999999999998,87.900000000000006,86.129999999999995,86.689999999999998,6953868,48926,86.878979000000001
2018-04-09 04:00:00+00:00,86.849999999999994,87.450000000000003,86.239999999999995,86.280000000000001,9448729,44518,86.746183000000002
2018-04-10 04:00:00+00:00,86.840000000000003,87.099999999999994,85.659999999999997,86.450000000000003,10915118,59668,86.400312999999997
2018-04-11 04:00:00+00:00,86.060000000000002,86.859999999999999,85.799999999999997,85.909999999999997,6733913,42814,86.211439999999996
2018-04-12 04:00:00+00:00,86.189999999999998,86.829999999999998,85.409999999999997,85.430000000000007,7979413,43401,85.851697000000001
2018-04-13 04:00:00+00:00,85.900000000000006,86.269999999999996,85.190100000000001,86.019999999999996,8490026,49939,85.888408999999996
2018-04-16 04:00:00+00:00,86.200000000000003,87.650000000000006,86.120099999999994,86.840000000000003,8565287,41448,86.926010000000005
2018-04-17 04:00:00+00:00,87.480000000000004,88.170000000000002,87.409999999999997,87.900000000000006,7536804,42977,87.886981000000006
2018-04-18 04:00:00+00:00,88.200000000000003,88.560000000000002,87.510000000000005,87.569999999999993,7221235,35355,87.791382999999996
2018-04-19 04:00:00+00:00,87.409999999999997,88.040000000000006,86.579999999999998,87.890000000000001,7014391,48338,87.440942000000007
2018-04-20 04:00:00+00:00,87.870000000000005,88.379999999999995,86.670000000000002,86.980000000000004,8937016,41431,87.284547000000003
2018-04-23 04:00:00+00:00,86.890000000000001,87.079999999999998,86.019999999999996,86.099999999999994,8336834,40165,86.272300999999999
2018-04-24 04:00:00+00:00,86.769999999999996,86.909999999999997,85.569999999999993,86.530000000000001,9544402,48682,86.349100000000007
2018-04-25 04:00:00+00:00,86.319999999999993,87.700000000000003,85.890000000000001,87.170000000000002,7349915,46389,87.103649000000004
2018-04-26 04:00:00+00:00,87.170000000000002,88.319999999999993,86.900000000000006,87.939999999999998,6535067,37861,87.850528999999995
2018-04-27 04:00:00+00:00,87.870000000000005,87.900000000000006,87.079999999999998,87.290000000000006,6584561,39390,87.354754
2018-04-30 04:00:00+00:00,87.939999999999998,89.659899999999993,87.920000000000002,88.459999999999994,10199211,51687,88.671829000000002
2018-05-01 04:00:00+00:00,87.670000000000002,88.010000000000005,86.346000000000004,87.409999999999997,7497690,48118,87.092399999999998
2018-05-02 04:00:00+00:00,87.129999999999995,87.249200000000002,86.159999999999997,86.340000000000003,6573566,44327,86.644329999999997
2018-05-03 04:00:00+00:00,86.200000000000003,86.290000000000006,85.120000000000005,86.230000000000004,7370272,44891,85.848153999999994
2018-05-04 04:00:00+00:00,86,88.099999999999994,85.359999999999999,87.530000000000001,7392070,52790,87.164615999999995
2018-05-07 04:00:00+00:00,87.5,87.5,85.269999999999996,85.469999999999999,11850531,68835,85.829813000000001
2018-05-08 04:00:00+00:00,85.519999999999996,85.849999999999994,84.920000000000002,85.739999999999995,7169589,46528,85.398847000000004
2018-05-09 04:00:00+00:00,82.560000000000002,83.680000000000007,82,83.060000000000002,33216843,174386,82.774440999999996
2018-05-10 04:00:00+00:00,82.700000000000003,83.769000000000005,82.010000000000005,82.689999999999998,16671223,79214,82.966964000000004
2018-05-11 04:00:00+00:00,82.689999999999998,83.519999999999996,81.950000000000003,83.379999999999995,10508435,59791,83.064785000000001
2018-05-14 04:00:00+00:00,83.890000000000001,84.793899999999994,83.650099999999995,84.390000000000001,10647840,54231,84.342842000000005
2018-05-15 04:00:00+00:00,84.060000000000002,84.879999999999995,83.799999999999997,84.519999999999996,10718004,57858,84.485445999999996
2018-05-16 04:00:00+00:00,84.870000000000005,86.625,84.739999999999995,86.129999999999995,14920295,79418,85.776245000000003
2018-05-17 04:00:00+00:00,87.040000000000006,87.590000000000003,83.849999999999994,84.489999999999995,31072992,144602,84.808626000000004
2018-05-18 04:00:00+00:00,84.239999999999995,84.439999999999998,83.489999999999995,83.640000000000001,13316227,65872,83.815274000000002
2018-05-21 04:00:00+00:00,84.140000000000001,84.540000000000006,83.819999999999993,84.510000000000005,12317451,57365,84.290221000000003
2018-05-22 04:00:00+00:00,84.5,84.810000000000002,83.290000000000006,83.370000000000005,8568518,51551,83.842586999999995
2018-05-23 04:00:00+00:00,82.950000000000003,83.019999999999996,82.170000000000002,83.010000000000005,10339657,61062,82.743807000000004
2018-05-24 04:00:00+00:00,83,83,81.780000000000001,82.849999999999994,9391740,59696,82.510490000000004
2018-05-25 04:00:00+00:00,82.849999999999994,83.340000000000003,82.319999999999993,82.459999999999994,6489130,43505,82.710265000000007
2018-05-29 04:00:00+00:00,81.959999999999994,82.519999999999996,81.809899999999999,82.400000000000006,9112356,55720,82.143072000000004
2018-05-30 04:00:00+00:00,82.450000000000003,84.230000000000004,82.260000000000005,84.120000000000005,9976439,61658,83.632220000000004
2018-05-31 04:00:00+00:00,83.939999999999998,84.310000000000002,82.510000000000005,82.540000000000006,13984189,65424,82.796203000000006
2018-06-01 04:00:00+00:00,83.019999999999996,83.420000000000002,82.849999999999994,82.989999999999995,5816713,40799,83.06832
2018-06-04 04:00:00+00:00,83.5,85.519999999999996,83.299999999999997,85.420000000000002,11346298,71872,84.949796000000006
2018-06-05 04:00:00+00:00,85.469999999999999,85.469999999999999,84.25,84.620000000000005,9263200,54106,84.664831000000007
2018-06-06 04:00:00+00:00,84.950000000000003,85.147300000000001,84.349999999999994,84.560000000000002,8222639,53051,84.638992999999999
2018-06-07 04:00:00+00:00,84.780000000000001,85.760000000000005,84.689999999999998,84.950000000000003,8347059,56348,85.139105999999998
2018-06-08 04:00:00+00:00,84.780000000000001,85.189899999999994,84.140000000000001,84.359999999999999,8410279,50524,84.425663
2018-06-11 04:00:00+00:00,84.409999999999997,84.540000000000006,83.790000000000006,84.299999999999997,6844439,53491,84.191484000000003
2018-06-12 04:00:00+00:00,84.319999999999993,84.590000000000003,83.469999999999999,84.099999999999994,9083830,53789,83.926488000000006
2018-06-13 04:00:00+00:00,83.890000000000001,84.370000000000005,83.851500000000001,84.090000000000003,6863473,43188,84.109433999999993
2018-06-14 04:00:00+00:00,84.219999999999999,84.810000000000002,83.670000000000002,83.790000000000006,8210393,51874,83.908635000000004
2018-06-15 04:00:00+00:00,83.489999999999995,83.989999999999995,83.060000000000002,83.700000000000003,15337723,51406,83.557601000000005
2018-06-18 04:00:00+00:00,83.049999999999997,83.569999999999993,82.819999999999993,83,9977371,47777,83.096891999999997
2018-06-19 04:00:00+00:00,82.540000000000006,83.620000000000005,82.370000000000005,83.609999999999999,10309881,58458,83.197494000000006
2018-06-20 04:00:00+00:00,83.709999999999994,83.819999999999993,83.159999999999997,83.609999999999999,8437168,52496,83.594530000000006
2018-06-21 04:00:00+00:00,83.400000000000006,84.549999999999997,82.894999999999996,84.209999999999994,8527916,57699,83.978554000000003
2018-06-22 04:00:00+00:00,84.459999999999994,84.849999999999994,84.099999999999994,84.819999999999993,15071960,48769,84.740083999999996
2018-06-25 04:00:00+00:00,84.590000000000003,86.599999999999994,84.480000000000004,86.469999999999999,17896223,98333,86.186588999999998
2018-06-26 04:00:00+00:00,86.530000000000001,87.049999999999997,85.760000000000005,85.980000000000004,11513949,62562,86.224532999999994
2018-06-27 04:00:00+00:00,85.790000000000006,87.489999999999995,85.549999999999997,86.890000000000001,10981231,74866,86.902027000000004
2018-06-28 04:00:00+00:00,86.849999999999994,87.290000000000006,85.685000000000002,85.859999999999999,9320321,67319,86.234718999999998
2018-06-29 04:00:00+00:00,85.959999999999994,86.200000000000003,85.519999999999996,85.650000000000006,9343975,51373,85.831612000000007
2018-07-02 04:00:00+00:00,85.650000000000006,85.939999999999998,83.400000000000006,84,8942617,63461,83.985196000000002
2018-07-03 04:00:00+00:00,84.090000000000003,85.049999999999997,84.090000000000003,84.439999999999998,5053075,31439,84.563024999999996
2018-07-05 04:00:00+00:00,84.909999999999997,85.579999999999998,84.265600000000006,84.569999999999993,5949847,45349,84.636645000000001
2018-07-06 04:00:00+00:00,84.170000000000002,84.864999999999995,83.819999999999993,84.510000000000005,6380368,46413,84.420122000000006
2018-07-09 04:00:00+00:00,85,86.469999999999999,84.769999999999996,85.930000000000007,7317807,53890,85.971771000000004
2018-07-10 04:00:00+00:00,85.930000000000007,87.329999999999998,85.879999999999995,87.209999999999994,6445835,48980,86.878354000000002
2018-07-11 04:00:00+00:00,87.060000000000002,87.150000000000006,86.390000000000001,86.530000000000001,5956651,47951,86.682874999999996
2018-07-12 04:00:00+00:00,86.939999999999998,87.409999999999997,86.219999999999999,86.519999999999996,5368047,49204,86.557719000000006
2018-07-13 04:00:00+00:00,86.519999999999996,87.989999999999995,86.5,87.700000000000003,6825910,50381,87.664845999999997
2018-07-16 04:00:00+00:00,87.620000000000005,87.719999999999999,86.829999999999998,87.640000000000001,4869817,41128,87.355583999999993
2018-07-17 04:00:00+00:00,87.400000000000006,88.700000000000003,87.400000000000006,88.189999999999998,6385888,55850,88.280572000000006
2018-07-18 04:00:00+00:00,88.390000000000001,89.189999999999998,87.943899999999999,88.069999999999993,5425508,43733,88.381749999999997
2018-07-19 04:00:00+00:00,87.859999999999999,88.480000000000004,87.409999999999997,87.719999999999999,5557459,35381,87.933626000000004
2018-07-20 04:00:00+00:00,87.400000000000006,88.170000000000002,87.200000000000003,88.060000000000002,5193725,41693,87.879638
2018-07-23 04:00:00+00:00,87.650000000000006,88.150000000000006,87.375,87.629999999999995,4649908,35513,87.649895000000001
2018-07-24 04:00:00+00:00,88.120000000000005,88.495000000000005,87.613200000000006,87.959999999999994,6170401,42910,87.977057000000002
2018-07-25 04:00:00+00:00,87.269999999999996,88.019999999999996,87.109999999999999,87.900000000000006,7014719,39664,87.662177
2018-07-26 04:00:00+00:00,88.5,89.430000000000007,88.180000000000007,88.230000000000004,7566799,49542,88.490429000000006
2018-07-27 04:00:00+00:00,88.640000000000001,88.879999999999995,88.030000000000001,88.129999999999995,5035083,44239,88.303369000000004
2018-07-30 04:00:00+00:00,88,88.939899999999994,87.890699999999995,88.879999999999995,6566475,46696,88.618319999999997
2018-07-31 04:00:00+00:00,89,89.659999999999997,88.799999999999997,89.230000000000004,7845807,42432,89.200309000000004
2018-08-01 04:00:00+00:00,88.859999999999999,89.129999999999995,87.879999999999995,88.239999999999995,5468355,43503,88.360767999999993
2018-08-02 04:00:00+00:00,87.939999999999998,88.840000000000003,87.620000000000005,88.760000000000005,4711161,38923,88.527493000000007
2018-08-03 04:00:00+00:00,89.189999999999998,90.280000000000001,89,89.599999999999994,6488509,44162,89.728052000000005
2018-08-06 04:00:00+00:00,89.299999999999997,89.981200000000001,89.125,89.670000000000002,5176961,38423,89.554226999999997
2018-08-07 04:00:00+00:00,89.780000000000001,90.359999999999999,89.650000000000006,89.769999999999996,5143724,41761,89.860686000000001
2018-08-08 04:00:00+00:00,89.969999999999999,90.230000000000004,89.370000000000005,90.049999999999997,5549844,37611,89.938770000000005
2018-08-09 04:00:00+00:00,89.459999999999994,89.629999999999995,88.760000000000005,89.010000000000005,4973690,39038,89.164867000000001
2018-08-10 04:00:00+00:00,88.700000000000003,90.370000000000005,88.650000000000006,90.180000000000007,8973645,56778,90.083830000000006
2018-08-13 04:00:00+00:00,90.200000000000003,90.540000000000006,89.370000000000005,89.640000000000001,6271996,48235,89.710350000000005
2018-08-14 04:00:00+00:00,89.640000000000001,91.120000000000005,89.629999999999995,90.849999999999994,6249013,47813,90.762169999999998
2018-08-15 04:00:00+00:00,90.25,90.409999999999997,89.670000000000002,90.219999999999999,9077394,70423,90.086009000000004
2018-08-16 04:00:00+00:00,100.11,100.20999999999999,97.909999999999997,98.640000000000001,43517011,273934,99.044421
2018-08-17 04:00:00+00:00,97.769999999999996,99.670000000000002,97.609999999999999,97.849999999999994,16903686,122944,98.419224
2018-08-20 04:00:00+00:00,97.650000000000006,98.290000000000006,95.950000000000003,96,13500458,98747,96.884114999999994
2018-08-21 04:00:00+00:00,95.959999999999994,96.359999999999999,95.359999999999999,96.079999999999998,10896622,73733,95.939931999999999
2018-08-22 04:00:00+00:00,96.200000000000003,96.849999999999994,95.230000000000004,95.670000000000002,8059112,57502,95.983059999999995
2018-08-23 04:00:00+00:00,95.5,95.859999999999999,95.060000000000002,95.180000000000007,6394872,48359,95.328648000000001
2018-08-24 04:00:00+00:00,95.090000000000003,95.659999999999997,94.349999999999994,94.950000000000003,9599742,58340,94.992517000000007
2018-08-27 04:00:00+00:00,95.260000000000005,95.608999999999995,94.284999999999997,94.540000000000006,7527194,53083,94.738280000000003
2018-08-28 04:00:00+00:00,94.769999999999996,96.349999999999994,94.530000000000001,96.069999999999993,10417564,70226,95.765321999999998
2018-08-29 04:00:00+00:00,96.280000000000001,96.829999999999998,95.530000000000001,95.640000000000001,8303107,60805,95.85951
2018-08-30 04:00:00+00:00,95.5,96.495000000000005,95.450000000000003,96.099999999999994,7387803,56851,96.042958999999996
2018-08-31 04:00:00+00:00,96.189999999999998,96.439999999999998,95.109999999999999,95.859999999999999,7250863,45729,95.735259999999997
2018-09-04 04:00:00+00:00,95.760000000000005,96.269999999999996,95.239999999999995,95.359999999999999,8973279,60323,95.703440000000001
2018-09-05 04:00:00+00:00,95.670000000000002,96.829999999999998,95.359999999999999,96.620000000000005,10631393,65312,96.343001000000001
2018-09-06 04:00:00+00:00,96.549999999999997,96.719999999999999,96.010000000000005,96.450000000000003,6690362,48410,96.451036000000002
2018-09-07 04:00:00+00:00,95.799999999999997,96.480099999999993,95.640000000000001,95.829999999999998,7116545,51351,96.000854000000004
2018-09-10 04:00:00+00:00,96.109999999999999,97.189999999999998,96.090000000000003,96.900000000000006,9533770,68593,96.855035000000001
2018-09-11 04:00:00+00:00,97.269999999999996,97.659999999999997,96.489999999999995,96.640000000000001,7012734,50297,96.869172000000006
2018-09-12 04:00:00+00:00,96.299999999999997,96.739999999999995,95.930000000000007,95.969999999999999,6673649,48151,96.150428000000005
2018-09-13 04:00:00+00:00,95.319999999999993,95.619900000000001,94.909999999999997,95.120000000000005,8155676,59458,95.203154999999995
2018-09-14 04:00:00+00:00,94.530000000000001,94.840000000000003,94.349999999999994,94.590000000000003,6719990,51527,94.573217999999997
2018-09-17 04:00:00+00:00,94.75,95.480000000000004,94.3733,94.819999999999993,5989058,38259,94.907100999999997
2018-09-18 04:00:00+00:00,94.459999999999994,95.590000000000003,94.150000000000006,95.430000000000007,7203778,46909,95.199588000000006
2018-09-19 04:00:00+00:00,95.569999999999993,95.892499999999998,94.879999999999995,95.239999999999995,6186358,41835,95.442520999999999
2018-09-20 04:00:00+00:00,95.349999999999994,95.790000000000006,94.950000000000003,95.75,6319875,34557,95.567936000000003
2018-09-21 04:00:00+00:00,95.920000000000002,96.290000000000006,95.629999999999995,95.900000000000006,11395667,38434,95.905840999999995
2018-09-24 04:00:00+00:00,95.420000000000002,96,94.859999999999999,94.920000000000002,5882928,37787,95.1738
2018-09-25 04:00:00+00:00,95.989999999999995,96.519999999999996,94.989999999999995,95.099999999999994,6843085,40071,95.510957000000005
2018-09-26 04:00:00+00:00,95.099999999999994,95.584999999999994,94.519999999999996,94.590000000000003,6870014,41528,94.953083000000007
2018-09-27 04:00:00+00:00,94.170000000000002,94.959999999999994,93.819999999999993,94.129999999999995,5846609,40881,94.369932000000006
2018-09-28 04:00:00+00:00,94.280000000000001,94.370000000000005,93.689999999999998,93.909999999999997,7711346,36292,93.945841999999999
2018-10-01 04:00:00+00:00,94.290000000000006,94.659999999999997,94.040000000000006,94.400000000000006,5439153,35703,94.355435
2018-10-02 04:00:00+00:00,93.930000000000007,95.609999999999999,93.849999999999994,95.150000000000006,8444897,52968,95.170781000000005
2018-10-03 04:00:00+00:00,95.5,95.540000000000006,94.040000000000006,94.069999999999993,7147923,47049,94.331436999999994
2018-10-04 04:00:00+00:00,94.069999999999993,94.5,93.200000000000003,94.209999999999994,6730997,46434,93.985151000000002
2018-10-05 04:00:00+00:00,93.859999999999999,94.189999999999998,92.890000000000001,93.310000000000002,7257433,50266,93.426068999999998
2018-10-08 04:00:00+00:00,93.25,94.930000000000007,93.020099999999999,94.689999999999998,6756620,42353,94.474197000000004
2018-10-09 04:00:00+00:00,95.640000000000001,97.739999999999995,95.189999999999998,97.079999999999998,12332676,85311,96.826210000000003
2018-10-10 04:00:00+00:00,96.599999999999994,97.849999999999994,95.700000000000003,95.760000000000005,9654644,75090,96.572993999999994
2018-10-11 04:00:00+00:00,95.810000000000002,96.290000000000006,93.599999999999994,93.920000000000002,10539164,90267,94.769718999999995
2018-10-12 04:00:00+00:00,94.760000000000005,95.170000000000002,93.670000000000002,94.810000000000002,9231730,73222,94.629721000000004
2018-10-15 04:00:00+00:00,94.5,94.988,93.819999999999993,93.819999999999993,9054707,56949,94.179912999999999
2018-10-16 04:00:00+00:00,94.640000000000001,96.069999999999993,94.340000000000003,95.810000000000002,11929455,76146,95.520576000000005
2018-10-17 04:00:00+00:00,95.180000000000007,96.620000000000005,94.900000000000006,96.560000000000002,10420917,66965,96.192913000000004
2018-10-18 04:00:00+00:00,96.400000000000006,97.245000000000005,95.739999999999995,96.170000000000002,11898677,75024,96.401283000000006
2018-10-19 04:00:00+00:00,96,97.650000000000006,96,97.150000000000006,9475761,69885,97.028103999999999
2018-10-22 04:00:00+00:00,97.340000000000003,97.579999999999998,96.743399999999994,97.140000000000001,7703475,57283,97.120912000000004
2018-10-23 04:00:00+00:00,96.340000000000003,97.984999999999999,96.109999999999999,97.799999999999997,9803220,77403,97.126247000000006
2018-10-24 04:00:00+00:00,97.5,99.170000000000002,97.275000000000006,97.560000000000002,11012615,84645,98.174940000000007
2018-10-25 04:00:00+00:00,98.010000000000005,99.480000000000004,97,99.180000000000007,11303575,82771,98.797038000000001
2018-10-26 04:00:00+00:00,98.810000000000002,99.670000000000002,98.019999999999996,98.939999999999998,15930817,119107,98.700721999999999
2018-10-29 04:00:00+00:00,99.510000000000005,101.73,99.090000000000003,99.799999999999997,13382783,101049,100.485546
2018-10-30 04:00:00+00:00,100.20999999999999,102.59999999999999,100.056,102.42,14126938,94688,101.906139
2018-10-31 04:00:00+00:00,102.48999999999999,102.48999999999999,100.11499999999999,100.28,13732447,93442,100.73706300000001
2018-11-01 04:00:00+00:00,99.959999999999994,101.17,99.719999999999999,100.58,8415198,61387,100.387671
2018-11-02 04:00:00+00:00,100.88,101.56999999999999,100.31,101.34,8499871,54295,101.01853199999999
2018-11-05 05:00:00+00:00,101.19,103.1692,100.6324,102.91,8630227,55641,102.64174300000001
2018-11-06 05:00:00+00:00,102.54000000000001,103.44,102.05,103.33,7092913,44388,102.81743899999999
2018-11-07 05:00:00+00:00,103.59999999999999,104.47,103.05,104.31999999999999,9514333,52368,104.03461299999999
2018-11-08 05:00:00+00:00,104.29000000000001,105.26000000000001,104.03,104.88,6527715,47552,104.778226
2018-11-09 05:00:00+00:00,105,105.90000000000001,104.81,105.56,8947512,60805,105.45603
2018-11-12 05:00:00+00:00,105.55,106.20999999999999,103.65000000000001,103.87,9565938,72218,104.57080000000001
2018-11-13 05:00:00+00:00,103.67,104.15000000000001,102.54000000000001,102.94,8501902,64902,103.084677
2018-11-14 05:00:00+00:00,103,103.15000000000001,101.01000000000001,101.53,11634010,78516,101.809316
2018-11-15 05:00:00+00:00,102.31999999999999,102.8,98.620000000000005,99.540000000000006,16705977,108892,99.816445999999999
2018-11-16 05:00:00+00:00,98.819999999999993,99.420000000000002,96.920000000000002,97.689999999999998,15153578,100639,97.767441000000005
2018-11-19 05:00:00+00:00,97.939999999999998,98.25,96.430000000000007,96.780000000000001,9681577,70622,97.065757000000005
2018-11-20 05:00:00+00:00,94.939999999999998,95.200000000000003,93.599999999999994,94.159999999999997,13729009,98435,94.239349000000004
2018-11-21 05:00:00+00:00,94.359999999999999,94.920000000000002,93.310000000000002,94.170000000000002,9956952,66834,94.092545999999999
2018-11-23 05:00:00+00:00,94.129999999999995,95.549999999999997,94.129999999999995,95.099999999999994,5170478,38696,94.894525000000002
2018-11-26 05:00:00+00:00,95.879999999999995,96.069999999999993,94.739999999999995,95.150000000000006,10531606,58194,95.246482
2018-11-27 05:00:00+00:00,94.989999999999995,95.543300000000002,94.409999999999997,95.040000000000006,10503882,62530,95.023561999999998
2018-11-28 05:00:00+00:00,95.450000000000003,97.620000000000005,95.049999999999997,97.459999999999994,10860731,68547,96.956796999999995
2018-11-29 05:00:00+00:00,97.019999999999996,97.829999999999998,96.739999999999995,97.290000000000006,6659513,50040,97.191513
2018-11-30 05:00:00+00:00,97.400000000000006,98.429900000000004,97.069999999999993,97.650000000000006,13626214,61456,97.625435999999993
2018-12-03 05:00:00+00:00,98.019999999999996,99.590000000000003,97.670000000000002,98.75,9933457,70487,98.851692
2018-12-04 05:00:00+00:00,98.25,98.959999999999994,95.609999999999999,95.810000000000002,11635322,80966,96.714584000000002
2018-12-06 05:00:00+00:00,94.939999999999998,95.409999999999997,93.099999999999994,94.769999999999996,11749440,81202,94.364080999999999
2018-12-07 05:00:00+00:00,94.5,95.129999999999995,92.450000000000003,93.189999999999998,9138738,74438,93.365955999999997
2018-12-10 05:00:00+00:00,93.560000000000002,94.25,92.340000000000003,93.939999999999998,7906072,61673,93.413022999999995
2018-12-11 05:00:00+00:00,94.25,94.489999999999995,93.25,93.849999999999994,6973481,53663,93.970860999999999
2018-12-12 05:00:00+00:00,94.299999999999997,94.299999999999997,93.060000000000002,93.109999999999999,10733434,60595,93.464734000000007
2018-12-13 05:00:00+00:00,93.25,93.676500000000004,92.430000000000007,92.959999999999994,8944462,60281,92.987112999999994
2018-12-14 05:00:00+00:00,92,92.560000000000002,91.569999999999993,91.849999999999994,13345996,74342,91.944965999999994
2018-12-17 05:00:00+00:00,91.200000000000003,92.010000000000005,90.159999999999997,90.769999999999996,10059781,70903,90.894707999999994
2018-12-18 05:00:00+00:00,90.799999999999997,91.260000000000005,90.280000000000001,91.079999999999998,11859839,64128,90.899529000000001
2018-12-19 05:00:00+00:00,91.25,93,90.25,90.549999999999997,13002218,90242,91.492587999999998
2018-12-20 05:00:00+00:00,90.109999999999999,90.109999999999999,86.140000000000001,87.280000000000001,18836724,115401,87.491943000000006
2018-12-21 05:00:00+00:00,86.870000000000005,89.469999999999999,86.799999999999997,87.129999999999995,17450770,83905,87.688772999999998
2018-12-24 05:00:00+00:00,86.540000000000006,87.564999999999998,85.780000000000001,85.819999999999993,6525368,49410,86.563415000000006
2018-12-26 05:00:00+00:00,86.420000000000002,90.420000000000002,86.299999999999997,90.409999999999997,10813185,69170,88.814132999999998
2018-12-27 05:00:00+00:00,89.75,91.609999999999999,88.439999999999998,91.590000000000003,10740895,71316,89.963590999999994
2018-12-28 05:00:00+00:00,92.069999999999993,93.469999999999999,91.644999999999996,92.129999999999995,10481973,87110,92.424871999999993
2018-12-31 05:00:00+00:00,92.75,93.390000000000001,92.25,93.150000000000006,7785077,53311,92.937162999999998
2019-01-02 05:00:00+00:00,91.640000000000001,93.650000000000006,91.640000000000001,93.340000000000003,9009994,66096,93.098521000000005
2019-01-03 05:00:00+00:00,93.209999999999994,94.709999999999994,92.700000000000003,92.859999999999999,8941488,68437,93.597354999999993
2019-01-04 05:00:00+00:00,93.209999999999994,93.659999999999997,92.689999999999998,93.439999999999998,9054031,58621,93.264529999999993
2019-01-07 05:00:00+00:00,93.620000000000005,95.170000000000002,93.180000000000007,94.540000000000006,8515986,59460,94.562498000000005
2019-01-08 05:00:00+00:00,95.060000000000002,95.754999999999995,93.909999999999997,95.200000000000003,7875274,56615,95.044488999999999
2019-01-09 05:00:00+00:00,95.709999999999994,96.140000000000001,94.769999999999996,94.890000000000001,6924945,51503,95.310299000000001
2019-01-10 05:00:00+00:00,93.879999999999995,94.980000000000004,93.120099999999994,94.959999999999994,10613934,57150,94.532632000000007
2019-01-11 05:00:00+00:00,94.989999999999995,95.290000000000006,94.549999999999997,94.840000000000003,5892005,40549,94.885341999999994
2019-01-14 05:00:00+00:00,94.489999999999995,95.450000000000003,94.280000000000001,94.950000000000003,8889168,38871,95.001526999999996
2019-01-15 05:00:00+00:00,95.469999999999999,96.599999999999994,95.379999999999995,96.25,7969592,51374,96.112289000000004
2019-01-16 05:00:00+00:00,95.930000000000007,96.859999999999999,95.825000000000003,96.349999999999994,5971987,42212,96.320882999999995
2019-01-17 05:00:00+00:00,96.299999999999997,97.209999999999994,96.159999999999997,96.739999999999995,6007726,38980,96.662936000000002
2019-01-18 05:00:00+00:00,96.950000000000003,98.198999999999998,96.849999999999994,97.730000000000004,6631757,45492,97.546330999999995
2019-01-22 05:00:00+00:00,97.159999999999997,98.430000000000007,96.780000000000001,97.489999999999995,9758149,50226,97.577603999999994
2019-01-23 05:00:00+00:00,98.870000000000005,99.349999999999994,97.530000000000001,98.709999999999994,9178267,57659,98.533298000000002
2019-01-24 05:00:00+00:00,98.200000000000003,98.459999999999994,96.430000000000007,98.359999999999999,7979235,63100,97.892117999999996
2019-01-25 05:00:00+00:00,98.75,98.909999999999997,96.75,96.939999999999998,7777418,55940,97.203152000000003
2019-01-28 05:00:00+00:00,96.5,97.069999999999993,96.079999999999998,97.060000000000002,6192397,47346,96.710480000000004
2019-01-29 05:00:00+00:00,96.799999999999997,97.158500000000004,96.510000000000005,96.709999999999994,5696034,39617,96.732859000000005
2019-01-30 05:00:00+00:00,96.680000000000007,96.799999999999997,94.260000000000005,94.799999999999997,12580234,85426,94.850474000000006
2019-01-31 05:00:00+00:00,94.629999999999995,96.870000000000005,94.629999999999995,95.829999999999998,18263615,79077,95.946712000000005
2019-02-01 05:00:00+00:00,95.920000000000002,96,93.109999999999999,93.859999999999999,13896298,88349,93.815642999999994
2019-02-04 05:00:00+00:00,93.859999999999999,94.769999999999996,93.349999999999994,94.769999999999996,8156250,49044,94.276093000000003
2019-02-05 05:00:00+00:00,95.299999999999997,95.939999999999998,95.019999999999996,95.599999999999994,7120734,43879,95.557316999999998
2019-02-06 05:00:00+00:00,95.430000000000007,96.010000000000005,95.219999999999999,95.640000000000001,4641128,35572,95.702681999999996
2019-02-07 05:00:00+00:00,95.109999999999999,96.819999999999993,95,96.730000000000004,7479651,59895,96.381288999999995
2019-02-08 05:00:00+00:00,96.359999999999999,96.689999999999998,95.140000000000001,95.579999999999998,5698905,43121,95.582553000000004
2019-02-11 05:00:00+00:00,95.650000000000006,96.349999999999994,95.640000000000001,96.200000000000003,6789959,38055,96.139489999999995
2019-02-12 05:00:00+00:00,96.819999999999993,97.170000000000002,96.5,96.969999999999999,6351661,42595,96.907387999999997
2019-02-13 05:00:00+00:00,97.299999999999997,98,97.090000000000003,97.939999999999998,6263687,40761,97.757731000000007
2019-02-14 05:00:00+00:00,97.680000000000007,99.200000000000003,97.019999999999996,98.519999999999996,7938939,53266,98.620194999999995
2019-02-15 05:00:00+00:00,98.980000000000004,100,98.855000000000004,99.989999999999995,10343191,62179,99.551084000000003
2019-02-19 05:00:00+00:00,102.38,104.18000000000001,102.06999999999999,102.2,21452833,135355,103.20053299999999
2019-02-20 05:00:00+00:00,101.79000000000001,102.3399,98.650000000000006,99.879999999999995,18349831,108014,99.708904000000004
2019-02-21 05:00:00+00:00,99.659999999999997,99.921000000000006,98.909999999999997,99.390000000000001,6767048,50832,99.336113999999995
2019-02-22 05:00:00+00:00,99.819999999999993,100.16,99.140000000000001,99.549999999999997,8560802,58275,99.690667000000005
2019-02-25 05:00:00+00:00,100.12,100.13,99.049999999999997,99.120000000000005,11371436,51895,99.380793999999995
2019-02-26 05:00:00+00:00,99.019999999999996,99.060000000000002,97.870000000000005,98.689999999999998,9006703,61249,98.445969000000005
2019-02-27 05:00:00+00:00,98.120000000000005,98.390000000000001,97.590000000000003,98.109999999999999,8923936,48788,98.093023000000002
2019-02-28 05:00:00+00:00,98.109999999999999,99.469999999999999,97.769999999999996,98.989999999999995,12961722,67431,98.954026999999996
2019-03-01 05:00:00+00:00,99.469999999999999,99.560000000000002,97.120000000000005,97.930000000000007,12121639,67183,98.166168999999996
2019-03-04 05:00:00+00:00,98.120000000000005,98.590000000000003,97.370000000000005,97.849999999999994,8482774,55048,97.920653000000001
2019-03-05 05:00:00+00:00,98.129999999999995,99.189999999999998,98.090800000000002,98.340000000000003,6980699,46126,98.604095999999998
2019-03-06 05:00:00+00:00,98.269999999999996,99,97.859999999999999,98.260000000000005,5655895,36329,98.282393999999996
2019-03-07 05:00:00+00:00,97.709999999999994,98.200000000000003,97.234999999999999,97.450000000000003,7168280,43591,97.621325999999996
2019-03-08 05:00:00+00:00,97.549999999999997,98.420000000000002,97,97.590000000000003,6128259,49065,97.489013999999997
2019-03-11 04:00:00+00:00,98.019999999999996,98.579999999999998,97.819999999999993,98.480000000000004,5770455,44887,98.220247000000001
2019-03-12 04:00:00+00:00,98.530000000000001,98.739999999999995,98.049999999999997,98.370000000000005,5572771,39847,98.339797000000004
2019-03-13 04:00:00+00:00,98.700000000000003,99.349999999999994,98.390000000000001,99.030000000000001,6072883,45046,98.952466000000001
2019-03-14 04:00:00+00:00,98.409999999999997,98.430000000000007,97.590000000000003,98.219999999999999,5438447,42123,98.076218999999995
2019-03-15 04:00:00+00:00,98.280000000000001,98.510300000000001,97.599999999999994,98.420000000000002,21323009,42389,98.325035
2019-03-18 04:00:00+00:00,98.299999999999997,99.769999999999996,98.260000000000005,99.659999999999997,6559204,38311,99.420647000000002
2019-03-19 04:00:00+00:00,99.989999999999995,100.48999999999999,99.569999999999993,99.849999999999994,6349812,40111,99.931985999999995
2019-03-20 04:00:00+00:00,99.200000000000003,99.549999999999997,98.540000000000006,98.640000000000001,7130270,46149,98.918402
2019-03-21 04:00:00+00:00,98.25,99.129999999999995,98.099999999999994,99.060000000000002,7404580,43117,98.842534000000001
2019-03-22 04:00:00+00:00,98.579999999999998,99.530000000000001,97.939999999999998,98.280000000000001,7375916,52460,98.506793999999999
2019-03-25 04:00:00+00:00,97.799999999999997,98.620000000000005,97.629999999999995,98.170000000000002,5746696,39674,98.218145000000007
2019-03-26 04:00:00+00:00,98.359999999999999,98.849999999999994,98.030000000000001,98.319999999999993,5398763,35908,98.392313999999999
2019-03-27 04:00:00+00:00,98.140000000000001,98.859999999999999,95,97.209999999999994,9151776,55548,97.472333000000006
2019-03-28 04:00:00+00:00,97.590000000000003,97.870000000000005,96.530000000000001,97.129999999999995,9753729,45082,97.094065000000001
2019-03-29 04:00:00+00:00,97.590000000000003,97.670000000000002,97.040000000000006,97.530000000000001,8624044,47289,97.404494
2019-04-01 04:00:00+00:00,97.969999999999999,98.359999999999999,97.560000000000002,97.819999999999993,9412107,56111,97.846245999999994
2019-04-02 04:00:00+00:00,97.760000000000005,98.310000000000002,96.900000000000006,96.939999999999998,6758228,45261,97.467167000000003
2019-04-03 04:00:00+00:00,97.120000000000005,97.400000000000006,96.790000000000006,97.189999999999998,6281649,38799,97.130971000000002
2019-04-04 04:00:00+00:00,97.25,98.280000000000001,97.239999999999995,98.109999999999999,4547229,31149,97.891993999999997
2019-04-05 04:00:00+00:00,98.25,99.200000000000003,98.159999999999997,98.829999999999998,5348080,34284,98.903880000000001
2019-04-08 04:00:00+00:00,98.370000000000005,99.25,98.260000000000005,99.230000000000004,6107613,39119,99.086523
2019-04-09 04:00:00+00:00,98.719999999999999,99.230000000000004,98.150000000000006,98.689999999999998,4695244,33053,98.560019999999994
2019-04-10 04:00:00+00:00,98.510000000000005,99.719999999999999,98.5,99.599999999999994,4461229,30265,99.415721000000005
2019-04-11 04:00:00+00:00,99.700000000000003,100.83,99.469999999999999,100.8,6030531,38064,100.44946899999999
2019-04-12 04:00:00+00:00,101,102.02,101,101.56,5533443,41062,101.58188
2019-04-15 04:00:00+00:00,101.3,102.91,101.26000000000001,102.43000000000001,5793472,42885,102.52664
2019-04-16 04:00:00+00:00,102.92,103.39,102.54000000000001,102.93000000000001,5175772,43349,102.96324799999999
2019-04-17 04:00:00+00:00,103,103.40000000000001,102.4064,103.16,4130119,32950,103.063633
2019-04-18 04:00:00+00:00,103.15000000000001,103.8,102.89,103.18000000000001,4372739,28029,103.21359699999999
2019-04-22 04:00:00+00:00,102.78,103.54000000000001,102.17,102.37,5906863,40199,102.592854
2019-04-23 04:00:00+00:00,102.53,103.29000000000001,101.941,103.06999999999999,5735107,40654,102.90424299999999
2019-04-24 04:00:00+00:00,103.14,103.84999999999999,103.09,103.53,5243824,37308,103.56100000000001
2019-04-25 04:00:00+00:00,103.23999999999999,104.145,102.83,103.52,4232571,36938,103.540273
2019-04-26 04:00:00+00:00,100.45,102.34,99.659999999999997,101.53,8642333,65149,101.163599
2019-04-29 04:00:00+00:00,101.88,102,100.78,101.56,7626426,46748,101.497102
2019-04-30 04:00:00+00:00,101.77,102.92,101.45,102.84,8083357,37296,102.601313
2019-05-01 04:00:00+00:00,102.77,102.81,101.28,101.36,5998114,41060,101.835435
2019-05-02 04:00:00+00:00,101.41,102.06,100.2351,101.15000000000001,5307189,38725,100.946254
2019-05-03 04:00:00+00:00,102.31999999999999,102.75,101.8,102.08,5721774,41939,102.176847
2019-05-06 04:00:00+00:00,100.75,102.55,100.54000000000001,102.45999999999999,5053479,41897,102.05411100000001
2019-05-07 04:00:00+00:00,101.8,102.17,100.7555,101.3,5099206,42997,101.398188
2019-05-08 04:00:00+00:00,100.25,101.035,99.859999999999999,100.3,6483335,51913,100.48656
2019-05-09 04:00:00+00:00,99.269999999999996,99.939999999999998,98.849999999999994,99.540000000000006,7173115,56204,99.478527999999997
2019-05-10 04:00:00+00:00,99.799999999999997,102.11,99.700000000000003,101.91,9235237,73484,101.035425
2019-05-13 04:00:00+00:00,100.5,101.15000000000001,99.010000000000005,99.890000000000001,7958347,68936,99.925202999999996
2019-05-14 04:00:00+00:00,100.14,100.86499999999999,99.890000000000001,100.29000000000001,7001800,51210,100.366743
2019-05-15 04:00:00+00:00,100.2,100.36,99.129999999999995,99.879999999999995,7299711,67029,99.890825000000007
2019-05-16 04:00:00+00:00,102.83,103.95999999999999,100.84,101.31,17811050,122788,102.412735
2019-05-17 04:00:00+00:00,100.23999999999999,101.95,99.909999999999997,100.86,13892590,78362,101.034503
2019-05-20 04:00:00+00:00,100.39,101.98,100.25,101.52,7710089,56252,101.441441
2019-05-21 04:00:00+00:00,101.51000000000001,101.65000000000001,100.40000000000001,101.12,7427867,58001,101.033862
2019-05-22 04:00:00+00:00,101.62,102.43000000000001,101.06,102.23,7725917,58932,102.01393
2019-05-23 04:00:00+00:00,101.81999999999999,101.93000000000001,100.65000000000001,101.86,7569699,49971,101.495454
2019-05-24 04:00:00+00:00,102.18000000000001,102.88500000000001,102.08,102.67,4811799,42078,102.597404
2019-05-28 04:00:00+00:00,102.56,103.56999999999999,102.40000000000001,102.42,13484546,54161,102.644649
2019-05-29 04:00:00+00:00,102.11,102.875,101.47,102.12,7103891,58954,102.08464600000001
2019-05-30 04:00:00+00:00,102.48999999999999,103.48999999999999,101.91,102.19,5244544,44408,102.398038
2019-05-31 04:00:00+00:00,101.34999999999999,102.02,100.6002,101.44,6576453,50671,101.25910500000001
2019-06-03 04:00:00+00:00,101.63,102.68000000000001,101.40000000000001,101.95999999999999,7123806,64704,102.026669
2019-06-04 04:00:00+00:00,102.61,102.65000000000001,101.44,102.56,6416729,48325,102.254244
2019-06-05 04:00:00+00:00,102.75,104.78,102.59999999999999,104.42,7863407,56203,104.154079
2019-06-06 04:00:00+00:00,104.48999999999999,105.66,104.2,105.11,8859348,61286,105.099464
2019-06-07 04:00:00+00:00,105.25,106.36,105.05,106.06,7552857,54901,105.846198
2019-06-10 04:00:00+00:00,106.48,107.78,106.37,107.52,6851922,50576,107.393147
2019-06-11 04:00:00+00:00,108,108.97,107.75,107.94,7164259,57071,108.203109
2019-06-12 04:00:00+00:00,107.92,108.91,107.92,108.81999999999999,5113225,41010,108.702859
2019-06-13 04:00:00+00:00,109,109.58,108.17,108.65000000000001,5884282,45370,108.674904
2019-06-14 04:00:00+00:00,108.78,109.58629999999999,108.45999999999999,109.06999999999999,5179849,36681,109.124353
2019-06-17 04:00:00+00:00,109.15000000000001,109.55,108.26000000000001,109.16,4591463,38192,108.987906
2019-06-18 04:00:00+00:00,109.8,109.95999999999999,108.91,109.65000000000001,5653037,42534,109.50704500000001
2019-06-19 04:00:00+00:00,109.8,109.84,108.87,109.62,4441411,36228,109.47279899999999
2019-06-20 04:00:00+00:00,109.81,110.48999999999999,109.28,110.31999999999999,5693120,43839,110.020065
2019-06-21 04:00:00+00:00,110.34,112.19,110.26000000000001,111.13,16655523,55156,111.234948
2019-06-24 04:00:00+00:00,111.48999999999999,112.22,111.03,111.23999999999999,6530194,50888,111.39389799999999
2019-06-25 04:00:00+00:00,110.88,111.429,110.40000000000001,110.72,6636439,54637,110.877398
2019-06-26 04:00:00+00:00,110.84999999999999,111.075,110.09999999999999,110.16,4784595,36914,110.384623
2019-06-27 04:00:00+00:00,110.06,110.51000000000001,108.86060000000001,110.09999999999999,6011813,38642,109.79628
2019-06-28 04:00:00+00:00,110.55,111.505,110.23999999999999,110.48999999999999,8394527,43384,110.67330800000001
2019-07-01 04:00:00+00:00,111.3,111.97,110.02,110.62,5997911,45609,110.626122
2019-07-02 04:00:00+00:00,110.83,111.61,110.34,111.59999999999999,4456445,38404,111.25695
2019-07-03 04:00:00+00:00,111.18000000000001,112.40000000000001,111,112.31999999999999,3594455,29247,111.904494
2019-07-05 04:00:00+00:00,111.90000000000001,112.23999999999999,111.20999999999999,111.98,4279949,29397,111.897937
2019-07-08 04:00:00+00:00,111.92,112.93000000000001,111.7,112.72,5363622,36134,112.597482
2019-07-09 04:00:00+00:00,112.89,113.38,112.59999999999999,112.88,6178731,42860,113.003309
2019-07-10 04:00:00+00:00,113.12,113.61,112.38500000000001,112.98,4964478,40659,112.786832
2019-07-11 04:00:00+00:00,113.33,113.94,113.02,113.92,4247754,37800,113.553337
2019-07-12 04:00:00+00:00,114.09,114.77,113.62,114.59999999999999,4086213,36721,114.500867
2019-07-15 04:00:00+00:00,114.7,115.08,114.45,114.98,3812158,29987,114.82553299999999
2019-07-16 04:00:00+00:00,115.33,115.48999999999999,114.0407,114.76000000000001,3788458,35753,114.71691199999999
2019-07-17 04:00:00+00:00,114.81,115.17,114.2,114.59999999999999,2955181,29509,114.63910799999999
2019-07-18 04:00:00+00:00,114.34999999999999,114.77500000000001,113.7403,114.72,3650160,31877,114.385659
2019-07-19 04:00:00+00:00,115,115.31,113.86,113.90000000000001,4220533,31334,114.44989099999999
2019-07-22 04:00:00+00:00,114.09999999999999,114.34,112.31999999999999,112.81999999999999,4927872,43399,113.010794
2019-07-23 04:00:00+00:00,113.12,113.2,111.565,112.09,6391260,48823,112.02656500000001
2019-07-24 04:00:00+00:00,112.03,112.79000000000001,111.56999999999999,112,4871392,36340,112.153582
2019-07-25 04:00:00+00:00,112.18000000000001,112.39,111.66,112.22,4434831,33631,112.07853799999999
2019-07-26 04:00:00+00:00,112.12,113.33499999999999,111.81999999999999,113.02,5788782,32913,112.92039
2019-07-29 04:00:00+00:00,112.84,112.98,111.76000000000001,112.27,4135294,33528,112.227842
2019-07-30 04:00:00+00:00,112.06,112.40000000000001,111.67,112.06,3262869,29262,112.02778499999999
2019-07-31 04:00:00+00:00,111.91,112.34,109.63,110.38,7657028,45053,110.75542299999999
2019-08-01 04:00:00+00:00,110.31999999999999,112.167,109.31999999999999,109.38,8343097,59552,110.19833199999999
2019-08-02 04:00:00+00:00,109.59,110.13590000000001,108.15000000000001,109.40000000000001,6236114,51721,109.230575
2019-08-05 04:00:00+00:00,107.91,108,105.59,105.81999999999999,8806286,60961,106.29044399999999
2019-08-06 04:00:00+00:00,106.19,107.84,105.59,107.27,7941911,55094,107.016357
2019-08-07 04:00:00+00:00,107.02,108.64,105.92,108.2,8584980,45814,107.860651
2019-08-08 04:00:00+00:00,108.01000000000001,108.84,107.77,108.52,5220941,40077,108.460228
2019-08-09 04:00:00+00:00,108.06,108.45999999999999,106.70999999999999,107.28,4612363,40023,107.397617
2019-08-12 04:00:00+00:00,106.72,106.84,104.84,105.12,5326325,46423,105.80139
2019-08-13 04:00:00+00:00,105.25,108.11,104.84999999999999,107.41,7347252,54370,107.318819
2019-08-14 04:00:00+00:00,105.47,108.06,105.14,106.2,10433747,69028,106.73754599999999
2019-08-15 04:00:00+00:00,112.53,113.64,110.16,112.69,21047416,132344,111.732542
2019-08-16 04:00:00+00:00,114.08,114.93000000000001,112.06,112.98999999999999,11606915,82039,113.387778
2019-08-19 04:00:00+00:00,114.34999999999999,114.78,113.59999999999999,113.81,7805620,57573,114.156904
2019-08-20 04:00:00+00:00,113.86,114.04000000000001,112.01000000000001,112.05,6920470,47541,112.562605
2019-08-21 04:00:00+00:00,114,114.0689,111.88,112.02,9288381,52388,112.380831
2019-08-22 04:00:00+00:00,112.2,112.79000000000001,111.34999999999999,111.91,6552249,50001,111.837965
2019-08-23 04:00:00+00:00,111.5,111.91,110.13,110.83,7171022,58100,110.86666099999999
2019-08-26 04:00:00+00:00,111.55,112.265,111.22,111.98999999999999,6623625,42843,111.823773
2019-08-27 04:00:00+00:00,112.42,112.81,111.51000000000001,112.42,6501963,41262,112.299768
2019-08-28 04:00:00+00:00,112.28,113.08,111.68000000000001,112.72,6101102,42052,112.663572
2019-08-29 04:00:00+00:00,114.2,114.59,113.31,114.08,5742740,48254,114.075737
2019-08-30 04:00:00+00:00,115,115.38,113.90000000000001,114.26000000000001,6781720,38473,114.381748
2019-09-03 04:00:00+00:00,113.68000000000001,115.31,113.48999999999999,114.64,6435905,61791,114.628058
2019-09-04 04:00:00+00:00,115.69,115.95999999999999,114.81999999999999,115.91,6618084,48198,115.72384700000001
2019-09-05 04:00:00+00:00,117.67,117.95999999999999,115.27,115.44,6457429,52419,116.087677
2019-09-06 04:00:00+00:00,115.44,115.75,114.62,114.73,4791873,43369,114.986501
2019-09-09 04:00:00+00:00,114.5,116.61,114.40000000000001,116.33,6617602,49841,116.053169
2019-09-10 04:00:00+00:00,115.95,116.95999999999999,115.48,116.05,5306975,49083,115.96347
2019-09-11 04:00:00+00:00,116,116.7,115.22,116.02,5905325,45056,115.956006
2019-09-12 04:00:00+00:00,116.65000000000001,117.06999999999999,115.90000000000001,116.92,4967475,38529,116.751998
2019-09-13 04:00:00+00:00,117.16,118.19,116.95010000000001,117.43000000000001,5986441,41793,117.601596
2019-09-16 04:00:00+00:00,116.54000000000001,117.17,115.38,115.56999999999999,7580368,40597,115.721022
2019-09-17 04:00:00+00:00,115.33,116.6884,115.2504,116.51000000000001,5128886,39451,116.31495099999999
2019-09-18 04:00:00+00:00,116.91,117.23,116.18000000000001,117.16,4838644,32599,117.00071
2019-09-19 04:00:00+00:00,117.40000000000001,117.81,116.77,117.11,3894863,33859,117.232973
2019-09-20 04:00:00+00:00,117.34999999999999,117.6407,116.8,116.98,15731889,43853,117.065304
2019-09-23 04:00:00+00:00,116.61,118.41,116.56,117.62,6771026,43565,117.736728
2019-09-24 04:00:00+00:00,118.25,119.86,118.01000000000001,118.40000000000001,8465161,53290,118.72506300000001
2019-09-25 04:00:00+00:00,118.47,118.72,117.81,118.47,6294983,38685,118.377895
2019-09-26 04:00:00+00:00,118.8,119.55,118.19,118.3,4597165,38206,118.608405
2019-09-27 04:00:00+00:00,119.23,119.23,117.75,118.45,3880694,32977,118.356548
2019-09-30 04:00:00+00:00,118.7,119.44,118.56,118.68000000000001,4224220,32435,118.89495700000001
2019-10-01 04:00:00+00:00,118.84999999999999,119.11,117.72,117.84999999999999,4149252,39085,118.123997
2019-10-02 04:00:00+00:00,117.40000000000001,117.55,115.61,116.12,6989640,48069,116.42850300000001
2019-10-03 04:00:00+00:00,115.88,116.8,114.58,116.31,5956125,38829,116.108946
2019-10-04 04:00:00+00:00,116.40000000000001,118.3,116.19,118.16,5659771,39159,117.80312600000001
2019-10-07 04:00:00+00:00,118.09999999999999,118.29989999999999,116.88,117.23,5719095,34111,117.308683
2019-10-08 04:00:00+00:00,116.81,118.67,116.66,117.58,5974555,48000,117.70432099999999
2019-10-09 04:00:00+00:00,118.18000000000001,119.3,118.02,118.93000000000001,4370233,38500,118.8717
2019-10-10 04:00:00+00:00,118.90000000000001,119.88,118.59999999999999,119.61,5270202,38196,119.506315
2019-10-11 04:00:00+00:00,119.92,120.70999999999999,118.72,120.23999999999999,7200172,47649,120.15058000000001
2019-10-14 04:00:00+00:00,119.84999999999999,120.45999999999999,119.09999999999999,119.17,5641955,38198,119.456664
2019-10-15 04:00:00+00:00,119.33,119.98999999999999,118.87,119.53,6225961,37969,119.45551
2019-10-16 04:00:00+00:00,119.31,120.10899999999999,119.09999999999999,119.42,4756785,35035,119.42588600000001
2019-10-17 04:00:00+00:00,119.67,120.25,119.35809999999999,119.84,4327852,32431,119.915404
2019-10-18 04:00:00+00:00,120.45,120.59999999999999,119.13,119.14,6620713,41042,119.608816
2019-10-21 04:00:00+00:00,119.3,119.83,118.81999999999999,119.73999999999999,4093496,31184,119.50888
2019-10-22 04:00:00+00:00,119.73999999999999,120.17,119.3887,119.58,2844098,26085,119.761757
2019-10-23 04:00:00+00:00,119.17,119.84999999999999,118.69,119.34999999999999,3218591,29919,119.23818799999999
2019-10-24 04:00:00+00:00,119.15000000000001,119.5675,118.51000000000001,119.09999999999999,3227793,26077,119.12645000000001
2019-10-25 04:00:00+00:00,118.98999999999999,119.3254,118.2,119.04000000000001,2891102,27324,118.966132
2019-10-28 04:00:00+00:00,119.25,119.7,118.53,119.22,4132802,30476,119.083889
2019-10-29 04:00:00+00:00,118.5,118.73,117.08,117.15000000000001,5180841,44985,117.58364
2019-10-30 04:00:00+00:00,117.18000000000001,118.37,117.051,118.09999999999999,3287077,27557,117.663374
2019-10-31 04:00:00+00:00,117.93000000000001,118.28,116.83,117.26000000000001,5861320,36708,117.290631
2019-11-01 04:00:00+00:00,117.92,117.97,117.23,117.62,4291240,31065,117.582886
2019-11-04 05:00:00+00:00,118.40000000000001,119.11,117.17,117.56999999999999,5320493,40741,117.797237
2019-11-05 05:00:00+00:00,117.73,119.14,117.075,118.86,4773926,40686,118.637451
2019-11-06 05:00:00+00:00,118.83,119.62,118.70999999999999,119.5,4038625,37204,119.328053
2019-11-07 05:00:00+00:00,120,120.92,119.54000000000001,120.23,5173962,36239,120.357236
2019-11-08 05:00:00+00:00,120.31,120.88,118.94,119.44,4260995,37517,119.473027
2019-11-11 05:00:00+00:00,118.7,119.63,118.28,119.04000000000001,4754548,43890,118.848629
2019-11-12 05:00:00+00:00,119.54000000000001,120,118.8096,119.12,5353584,46024,119.163117
2019-11-13 05:00:00+00:00,119.16,121.36,118.66,120.98,8537707,72873,120.24727799999999
2019-11-14 05:00:00+00:00,124.59999999999999,125.38,119.51000000000001,120.65000000000001,22829521,159110,121.688635
2019-11-15 05:00:00+00:00,120.68000000000001,121,118.38,118.87,10943166,75409,119.25491599999999
2019-11-18 05:00:00+00:00,118.45,120.867,118.23999999999999,120.25,7098288,57140,120.19706100000001
2019-11-19 05:00:00+00:00,120.11,120.36,119.70999999999999,119.89,4235363,35097,119.95959000000001
2019-11-20 05:00:00+00:00,120.22,120.48,118.40000000000001,119.13,5626007,45306,119.219482
2019-11-21 05:00:00+00:00,118.83,120,118.67,119.86,4754951,40645,119.571299
2019-11-22 05:00:00+00:00,120.15000000000001,120.3,119.27,119.36,4233607,34933,119.50615999999999
2019-11-25 05:00:00+00:00,120,120.02,117.90000000000001,118.92,6519918,48610,118.779532
2019-11-26 05:00:00+00:00,118.95999999999999,119.3,118.45,119.19,8083722,43017,119.09365
2019-11-27 05:00:00+00:00,119.39,119.8,118.73,118.76000000000001,3768441,32604,119.04543200000001
2019-11-29 05:00:00+00:00,119.14,119.97,119,119.09,3597101,27896,119.417304
2019-12-02 05:00:00+00:00,119.15000000000001,119.38,117.84,119.28,6427278,48260,118.79787399999999
2019-12-03 05:00:00+00:00,118.40000000000001,118.95999999999999,117.77,118.67,7764002,50401,118.350387
2019-12-04 05:00:00+00:00,119.12,119.2,118.304,118.69,6338600,44455,118.70264400000001
2019-12-05 05:00:00+00:00,118.36,118.77500000000001,117.42,118.66,5120839,41358,118.383505
2019-12-06 05:00:00+00:00,119.09999999999999,119.8,118.92,119.78,4980019,39778,119.572661
2019-12-09 05:00:00+00:00,119.56999999999999,119.86,119.1844,119.36,5775645,38027,119.42511500000001
2019-12-10 05:00:00+00:00,119.34999999999999,119.56,119.02,119.14,4916420,36132,119.229502
2019-12-11 05:00:00+00:00,119.40000000000001,119.65000000000001,118.53,119,3877364,32907,118.953
2019-12-12 05:00:00+00:00,118.98999999999999,120.11,118.68000000000001,119.76000000000001,4767256,39856,119.700867
2019-12-13 05:00:00+00:00,119.54000000000001,120.65000000000001,119.02,120.29000000000001,6521253,39091,120.159032
2019-12-16 05:00:00+00:00,120.5,121.3498,120.42,120.54000000000001,6747164,38323,120.67235700000001
2019-12-17 05:00:00+00:00,120.95,121.7,120.7,121.28,5373825,41513,121.311857
2019-12-18 05:00:00+00:00,121.5,121.68000000000001,119.84,119.86,5914673,41210,120.14903
2019-12-19 05:00:00+00:00,119.94,120.505,119.78,120.08,5469086,33527,120.08239399999999
2019-12-20 05:00:00+00:00,121.48,122.12,120.02,120.29000000000001,9706314,40675,120.59658399999999
2019-12-23 05:00:00+00:00,120.15000000000001,120.69,119.01000000000001,119.03,5054714,38436,119.386354
2019-12-24 05:00:00+00:00,119.13,119.59999999999999,119.01000000000001,119.51000000000001,2424487,21789,119.412239
2019-12-26 05:00:00+00:00,119.61,119.84999999999999,118.95,119.52,5008641,32684,119.34490700000001
2019-12-27 05:00:00+00:00,119.94,119.94,119.245,119.59,4084102,30960,119.564187
2019-12-30 05:00:00+00:00,119.8,119.81,119.13,119.40000000000001,3320093,29236,119.461922
2019-12-31 05:00:00+00:00,119.5,119.8,118.19,118.84,5921759,36214,118.74324900000001
2020-01-02 05:00:00+00:00,118.91,119.89,118.7016,118.94,7499287,61047,119.084902
2020-01-03 05:00:00+00:00,118.27,118.7886,117.59,117.89,6409264,42178,118.04487399999999
2020-01-06 05:00:00+00:00,117.43000000000001,118.09,116.77,117.65000000000001,7881155,44340,117.537987
2020-01-07 05:00:00+00:00,117.26000000000001,117.515,116.2,116.56,7870128,54639,116.665886
2020-01-08 05:00:00+00:00,116.3,116.73,115.68000000000001,116.16,6441726,53485,116.17380900000001
2020-01-09 05:00:00+00:00,116.15000000000001,117.37,116.0806,117.36,6312394,49123,117.008442
2020-01-10 05:00:00+00:00,117.23999999999999,117.34,115.98,116.38,6511431,57629,116.388926
2020-01-13 05:00:00+00:00,116.38,116.55,115.37,115.88,7164863,47856,115.78701
2020-01-14 05:00:00+00:00,115.48999999999999,116.2099,115.13,116.18000000000001,7847029,46159,115.98978200000001
2020-01-15 05:00:00+00:00,114.63,115.87,114.52,115.28,8258060,62318,115.105324
2020-01-16 05:00:00+00:00,115.5,115.93000000000001,115.28,115.90000000000001,6064774,39134,115.750196
2020-01-17 05:00:00+00:00,116.05,116.3,114.64,114.95999999999999,11038532,65075,115.22556899999999
2020-01-21 05:00:00+00:00,114.59,115.69,114.5151,115.59,8157432,61265,115.30691299999999
2020-01-22 05:00:00+00:00,115.22,116.53,115.18000000000001,116.09999999999999,5448343,46481,116.196416
2020-01-23 05:00:00+00:00,116.20999999999999,116.31,115.04000000000001,115.81,5929075,39089,115.684105
2020-01-24 05:00:00+00:00,116,116.03,114.15000000000001,114.37,4878063,44562,114.74668800000001
2020-01-27 05:00:00+00:00,113.13,116.23,112.68000000000001,115.86,7537150,60287,115.42999500000001
2020-01-28 05:00:00+00:00,115.98,116.90000000000001,115.9496,116.59999999999999,6344504,39098,116.584823
2020-01-29 05:00:00+00:00,116.56,117.12,115.89,115.89,4276028,32128,116.36960000000001
2020-01-30 05:00:00+00:00,115.56999999999999,116.72,115.3314,116.58,5144443,44014,116.129197
2020-01-31 05:00:00+00:00,115.8,116.2599,113.90000000000001,114.48999999999999,8928777,64954,114.60241600000001
2020-02-03 05:00:00+00:00,114.90000000000001,115.39,114.09999999999999,114.27,4892765,41359,114.466629
2020-02-04 05:00:00+00:00,115.25,116.23999999999999,114.89,115.27,6027369,47185,115.483495
2020-02-05 05:00:00+00:00,115.59999999999999,116.95,114.84999999999999,116.81,6778331,46173,116.493886
2020-02-06 05:00:00+00:00,116.83,117.23,116.06,116.31,5959368,57459,116.535872
2020-02-07 05:00:00+00:00,116.11,116.76000000000001,115.76000000000001,116.45,4169897,38308,116.382012
2020-02-10 05:00:00+00:00,115.75,116.98,115.045,115.25,7130639,51318,115.533593
2020-02-11 05:00:00+00:00,115.43000000000001,115.5,114.44,115.40000000000001,6394049,54566,115.03279999999999
2020-02-12 05:00:00+00:00,115.5,116.42,115.41,115.84999999999999,5293301,39823,115.970489
2020-02-13 05:00:00+00:00,115.84999999999999,117.535,115.5809,117.44,5847686,51279,117.18935
2020-02-14 05:00:00+00:00,117.68000000000001,118.56999999999999,117.155,117.89,9188095,60391,117.872623
2020-02-18 05:00:00+00:00,118.47,119.95,117.36,119.63,12294317,94279,119.113941
2020-02-19 05:00:00+00:00,119.5,119.94,117.68000000000001,117.68000000000001,7645242,58658,118.307422
2020-02-20 05:00:00+00:00,117.18000000000001,118.11,116.86,117.69,5514211,49686,117.619891
2020-02-21 05:00:00+00:00,117.44,118.75,117.31,118.58,7160698,44787,118.349654
2020-02-24 05:00:00+00:00,117.45999999999999,118.45999999999999,115.952,116.31999999999999,7238681,69093,116.87889300000001
2020-02-25 05:00:00+00:00,116.34999999999999,117.06999999999999,114.05,114.39,8822154,69725,115.115578
2020-02-26 05:00:00+00:00,114.7,115.17,113.65000000000001,113.78,7441523,67202,114.171774
2020-02-27 05:00:00+00:00,112.56,114.06999999999999,110.34999999999999,110.40000000000001,10458225,95162,111.897899
2020-02-28 05:00:00+00:00,107.48999999999999,108.52,104.37,107.68000000000001,19419543,159016,106.668002
2020-03-02 05:00:00+00:00,107.88,116.3973,107.29000000000001,115.88,18866772,133975,114.13195399999999
2020-03-03 05:00:00+00:00,115.8,117.53,112.34,112.91,12171793,111950,114.120803
2020-03-04 05:00:00+00:00,114.23999999999999,116.84,113.47,116.77,9218468,76588,115.655447
2020-03-05 05:00:00+00:00,114.26000000000001,117.25,113.91,115.92,9650231,84228,115.788854
2020-03-06 05:00:00+00:00,113.87,117.91,113.01000000000001,117.23,10846312,101438,115.97326
2020-03-09 04:00:00+00:00,113.81999999999999,120.63,112.73,117.16,21308898,191050,117.839591
2020-03-10 04:00:00+00:00,118.09999999999999,120.68000000000001,114.92,119.79000000000001,13672779,130097,118.17707799999999
2020-03-11 04:00:00+00:00,117.51000000000001,119.03,112.8,114.43000000000001,11476114,108354,115.352013
2020-03-12 04:00:00+00:00,106.02,111.48999999999999,102.98,104.05,20164722,178505,106.599414
2020-03-13 04:00:00+00:00,108.23999999999999,114.59,103.88,114.09999999999999,15749841,151235,109.092235
2020-03-16 04:00:00+00:00,105.2,111.3292,102,106.76000000000001,13469212,127531,107.90549
2020-03-17 04:00:00+00:00,112.77,119.27,110.45999999999999,119.26000000000001,19286473,182059,116.505004
2020-03-18 04:00:00+00:00,114.98999999999999,128.08000000000001,114.5,125.89,27563471,245915,123.16673299999999
2020-03-19 04:00:00+00:00,124.45999999999999,127,117.63,119.45,21886580,166066,121.890697
2020-03-20 04:00:00+00:00,119.5,122.79000000000001,111.89,113.97,21003530,160478,115.70778
2020-03-23 04:00:00+00:00,114.17,117.54000000000001,112.20999999999999,114.28,14055876,138283,114.49131
2020-03-24 04:00:00+00:00,115.8,117.37,111.31,115.03,16138521,140926,113.78370200000001
2020-03-25 04:00:00+00:00,112.95,114,108.05,109.40000000000001,19418948,167371,110.1604
2020-03-26 04:00:00+00:00,109.40000000000001,110.87,106.8466,109.81999999999999,20958134,170570,108.668426
2020-03-27 04:00:00+00:00,110.11,112.28,108.6007,109.58,12919239,116016,109.912404
2020-03-30 04:00:00+00:00,111.86,115.8,110.9372,115.19,10565285,98509,113.824003
2020-03-31 04:00:00+00:00,114.31,116.19,112.64,113.62,9838443,87466,114.387901
2020-04-01 04:00:00+00:00,112.15000000000001,115.53,111.8,114.14,10281043,95268,114.32707000000001
2020-04-02 04:00:00+00:00,113.18000000000001,119.11,112.33499999999999,118.65000000000001,10765841,85422,116.40471599999999
2020-04-03 04:00:00+00:00,117.20999999999999,119.91,117.03,119.48,10114760,86563,118.47072300000001
2020-04-06 04:00:00+00:00,119.05,126.39,118.94,126.06999999999999,17823001,135807,124.14712299999999
2020-04-07 04:00:00+00:00,124.01000000000001,126.48999999999999,121.64,121.98999999999999,15499234,116531,123.794782
2020-04-08 04:00:00+00:00,123.69,123.81,120.59,121.84,10396413,89739,121.80294600000001
2020-04-09 04:00:00+00:00,118.22,122.87,117.66,121.8,11656831,117069,121.549791
2020-04-13 04:00:00+00:00,121.28,125.67,121.17,125.3,8592663,78863,124.286536
2020-04-14 04:00:00+00:00,127.09999999999999,129.78999999999999,126.0352,129,12658080,100421,128.686151
2020-04-15 04:00:00+00:00,129,129.88,127.12,128.75999999999999,7992840,80523,128.650047
2020-04-16 04:00:00+00:00,129,132.91999999999999,128.25,132.33000000000001,11479316,110192,131.33109899999999
2020-04-17 04:00:00+00:00,131.47,132.97,129.72499999999999,132.12,11656152,104707,131.34318999999999
2020-04-20 04:00:00+00:00,132.19999999999999,133.38,129.75999999999999,129.84999999999999,9111516,74967,131.213663
2020-04-21 04:00:00+00:00,130.06999999999999,131.03,128.16,129.21000000000001,10292457,100868,129.48861500000001
2020-04-22 04:00:00+00:00,129.99000000000001,132.38,128.90000000000001,131.59,7155287,66960,131.106347
2020-04-23 04:00:00+00:00,129.75999999999999,131.08949999999999,127.73,128.53,10128964,93778,129.330308
2020-04-24 04:00:00+00:00,129.34999999999999,129.88999999999999,128.56,129.44,6321357,53459,129.256653
2020-04-27 04:00:00+00:00,130,130.30760000000001,128.16999999999999,128.30000000000001,6345448,57820,128.88154900000001
2020-04-28 04:00:00+00:00,128.25,130.24000000000001,127.7,128,7228410,74726,128.600357
2020-04-29 04:00:00+00:00,125.56999999999999,125.76000000000001,122.55,123.59999999999999,15863036,147012,124.00887299999999
2020-04-30 04:00:00+00:00,123.08,123.4362,121.04000000000001,121.55,15345187,110326,121.768282
2020-05-01 04:00:00+00:00,121.31999999999999,123.69,120.78,122.92,10934570,105495,122.165627
2020-05-04 04:00:00+00:00,123.84,124.40000000000001,121.70999999999999,123.7,6415717,66089,123.27808
2020-05-05 04:00:00+00:00,123.8,125.26000000000001,123.26000000000001,124.73,6886580,68329,124.595337
2020-05-06 04:00:00+00:00,125.18000000000001,125.48999999999999,122.845,123.3,6447106,57562,124.027283
2020-05-07 04:00:00+00:00,123.45999999999999,123.98,121.5,121.89,10771123,68475,122.45989899999999
2020-05-08 04:00:00+00:00,122.75,123.01000000000001,121.62,122.94,7520935,69342,122.42672399999999
2020-05-11 04:00:00+00:00,123.01000000000001,124.31,123.01000000000001,123.67,9861522,61618,123.655022
2020-05-12 04:00:00+00:00,124.48,125.66,123.78,123.78,6873481,67661,124.587948
2020-05-13 04:00:00+00:00,123.40000000000001,126.23999999999999,123.09,123.70999999999999,10262523,91694,124.30312000000001
2020-05-14 04:00:00+00:00,124.93000000000001,125.13,121.3001,123.42,7769624,81398,123.000925
2020-05-15 04:00:00+00:00,123.47,125.94,123.09,125.94,13153646,80935,125.101277
2020-05-18 04:00:00+00:00,127.5,128.55500000000001,126.09999999999999,127.66,13868420,124224,127.485274
2020-05-19 04:00:00+00:00,131.75,131.99000000000001,124.81,124.95,25391570,221259,127.923845
2020-05-20 04:00:00+00:00,126.48999999999999,126.59,124.63,125.45,11417084,97990,125.50564300000001
2020-05-21 04:00:00+00:00,124.89,126.14,124.25,124.98999999999999,7951947,71647,125.128683
2020-05-22 04:00:00+00:00,125.09999999999999,125.34999999999999,123.77,124.33,7939961,69442,124.51059100000001
2020-05-26 04:00:00+00:00,124.34,125.51000000000001,123.63,123.86,8564340,82676,124.44286200000001
2020-05-27 04:00:00+00:00,123.92,124.48999999999999,121.03,122.48,11024926,105546,122.274542
2020-05-28 04:00:00+00:00,123.72,124.95,123.16,123.69,8865544,73809,123.926362
2020-05-29 04:00:00+00:00,124.23999999999999,124.705,121.93000000000001,124.06,11570211,83254,123.607021
2020-06-01 04:00:00+00:00,123.44,124.41,122.36,123.95999999999999,7297738,65649,123.768148
2020-06-02 04:00:00+00:00,123.59,124.1525,122.81,123.94,7123334,62974,123.50112900000001
2020-06-03 04:00:00+00:00,123.90000000000001,123.98999999999999,122.66,123.47,7385279,65239,123.378089
2020-06-04 04:00:00+00:00,122.81999999999999,123.887,121.81999999999999,122.11,8471883,80912,122.713441
2020-06-05 04:00:00+00:00,122.58,122.68000000000001,119.91,121.56,13950749,122834,121.248718
2020-06-08 04:00:00+00:00,119.58,121.23999999999999,119.45999999999999,121.23999999999999,10342580,98580,120.478684
2020-06-09 04:00:00+00:00,121.59999999999999,122,120.56,121.34999999999999,7444485,72075,121.07474499999999
2020-06-10 04:00:00+00:00,121.56,122.5,121.1301,121.16,10043624,82737,121.643989
2020-06-11 04:00:00+00:00,120.98999999999999,122.58,119.48,120.09,12561270,109085,120.89288000000001
2020-06-12 04:00:00+00:00,120.51000000000001,120.75,117.06,117.73999999999999,11423826,114691,118.55193199999999
2020-06-15 04:00:00+00:00,118.40000000000001,118.68000000000001,117.01000000000001,118.08,11412624,114220,117.913904
2020-06-16 04:00:00+00:00,119.8,120.2299,118.54000000000001,119.65000000000001,9217178,81280,119.48074800000001
2020-06-17 04:00:00+00:00,119.86,120.13,118.40000000000001,119.03,7292424,72000,119.10924799999999
2020-06-18 04:00:00+00:00,118.54000000000001,119.06,117.66,117.98999999999999,7139739,70363,118.11040199999999
2020-06-19 04:00:00+00:00,118.89,120.3,117.75,119.84999999999999,16496546,80024,119.367808
2020-06-22 04:00:00+00:00,120.97,122.09,120.40000000000001,121.68000000000001,9911662,85146,121.43586000000001
2020-06-23 04:00:00+00:00,122.75,122.84999999999999,120.9606,121.06999999999999,7083696,67865,121.843773
2020-06-24 04:00:00+00:00,120.73999999999999,121.1153,119.58,120.3,7573459,72057,120.39112
2020-06-25 04:00:00+00:00,119.76000000000001,120.16,118.38,119.70999999999999,7734612,66519,119.39932
2020-06-26 04:00:00+00:00,119.59999999999999,120.84,118.02,118.31999999999999,11670943,73116,118.765885
2020-06-29 04:00:00+00:00,118.5,119.68000000000001,118.215,119.06,6274269,53351,118.992324
2020-06-30 04:00:00+00:00,119.22,120.13,118.54000000000001,119.78,7992401,60146,119.451043
2020-07-01 04:00:00+00:00,119.47,119.92,118.66,119.69,6977910,60433,119.38272499999999
2020-07-02 04:00:00+00:00,120.09,120.88,118.86,119.20999999999999,6599925,60459,119.68056799999999
2020-07-06 04:00:00+00:00,119.8,119.87,118.22,118.89,7742511,73825,118.866488
2020-07-07 04:00:00+00:00,118.45,127.55,118.22,126.95,32742591,240020,124.665323
2020-07-08 04:00:00+00:00,128,128.13,124.40000000000001,124.44,17975602,168095,125.76557699999999
2020-07-09 04:00:00+00:00,125.61,128.18000000000001,124.95,127.75,15375212,126305,126.957105
2020-07-10 04:00:00+00:00,128.73500000000001,131.37,127.26000000000001,130.68000000000001,15214081,125756,129.59546800000001
2020-07-13 04:00:00+00:00,131.33000000000001,133.63,128.88999999999999,129.52000000000001,14765017,144138,131.205534
2020-07-14 04:00:00+00:00,129.19999999999999,132.5,129.02600000000001,132.00999999999999,9461319,93803,131.14322300000001
2020-07-15 04:00:00+00:00,132.49000000000001,134.13,130.80000000000001,132,11283766,98624,132.558042
2020-07-16 04:00:00+00:00,132.05000000000001,132.72999999999999,131.24000000000001,132.19999999999999,6377733,64365,131.950627
2020-07-17 04:00:00+00:00,133.37,133.37,131.47,131.74000000000001,6770444,59598,132.123704
2020-07-20 04:00:00+00:00,131.97999999999999,132.74000000000001,131.13999999999999,131.47,6817770,66842,131.68951799999999
2020-07-21 04:00:00+00:00,131.68000000000001,133.99000000000001,131.44999999999999,132.33000000000001,7617493,74606,132.69344599999999
2020-07-22 04:00:00+00:00,132.56999999999999,133.03,131.19,132.66,5785201,58636,132.22367600000001
2020-07-23 04:00:00+00:00,133,133.15000000000001,131.31,131.63999999999999,5996813,66047,131.9725
2020-07-24 04:00:00+00:00,130.94999999999999,132.40000000000001,130.50999999999999,131.24000000000001,4596428,51676,131.32349099999999
2020-07-27 04:00:00+00:00,130.86000000000001,131.97999999999999,130.86000000000001,131.21000000000001,5024585,52903,131.36203499999999
2020-07-28 04:00:00+00:00,131.5,132.38,130.91999999999999,131.75999999999999,5144039,50487,131.80187100000001
2020-07-29 04:00:00+00:00,131.56,131.86000000000001,129.84999999999999,130.69,5018662,58082,130.68877000000001
2020-07-30 04:00:00+00:00,129.41999999999999,130.41999999999999,128.72,130.12,4892512,55327,129.69378699999999
2020-07-31 04:00:00+00:00,129.65000000000001,130.09,127.62,129.40000000000001,8249359,70330,129.03282899999999
2020-08-03 04:00:00+00:00,129.91,130.11500000000001,128.2713,129.30000000000001,5468851,61017,129.25744
2020-08-04 04:00:00+00:00,129.65000000000001,131.71000000000001,128.94,131.63999999999999,6392661,69537,130.78115
2020-08-05 04:00:00+00:00,130.44999999999999,130.75,128.83000000000001,129.81,8980245,92329,129.49551
2020-08-06 04:00:00+00:00,129.13,130.22999999999999,129.0299,129.34999999999999,5180067,56331,129.45533699999999
2020-08-07 04:00:00+00:00,129.58000000000001,130.46000000000001,129.11000000000001,129.97,6174908,52777,129.83568700000001
2020-08-10 04:00:00+00:00,130.24000000000001,132.34,129.65000000000001,131.88,6344972,67500,131.449183
2020-08-11 04:00:00+00:00,132.59,132.87,129.7303,130.19999999999999,9286790,86858,130.89138
2020-08-12 04:00:00+00:00,130.47,132.22999999999999,129.08000000000001,131.88999999999999,6846270,63582,131.39217400000001
2020-08-13 04:00:00+00:00,131.21000000000001,131.96000000000001,130.72999999999999,131.84999999999999,7172342,67352,131.53060500000001
2020-08-14 04:00:00+00:00,132.34,132.97,131.63,132.59999999999999,7335064,64078,132.49938
2020-08-17 04:00:00+00:00,134.34999999999999,136.13,133.84999999999999,135.59999999999999,13860585,131195,135.38344900000001
2020-08-18 04:00:00+00:00,136.16999999999999,137.63229999999999,133.16999999999999,134.71000000000001,27264205,230188,135.12449699999999
2020-08-19 04:00:00+00:00,134.21000000000001,134.66,131.85499999999999,132.41,13577366,126238,132.757003
2020-08-20 04:00:00+00:00,131.21000000000001,132.06999999999999,130.05000000000001,130.56999999999999,9403241,96742,130.687409
2020-08-21 04:00:00+00:00,130.55000000000001,132.66999999999999,130.09999999999999,131.63,8860384,76341,131.55868899999999
2020-08-24 04:00:00+00:00,132.25,132.47999999999999,130.33000000000001,131.33000000000001,7056911,72307,130.95294200000001
2020-08-25 04:00:00+00:00,130.80000000000001,131.23670000000001,129.66999999999999,130.63,7641690,73697,130.331605
2020-08-26 04:00:00+00:00,130.21000000000001,130.88,129.69999999999999,130.69999999999999,6718775,69837,130.391819
2020-08-27 04:00:00+00:00,131.08000000000001,139.34999999999999,130.90000000000001,136.63,40417252,327432,136.15662699999999
2020-08-28 04:00:00+00:00,141,141.06999999999999,137.84,140.30000000000001,22167775,219701,139.60673199999999
2020-08-31 04:00:00+00:00,137.47999999999999,138.88999999999999,135.53,138.84999999999999,16131060,164748,137.35739000000001
2020-09-01 04:00:00+00:00,141.19999999999999,149.59,140.05000000000001,147.59,36541433,325838,146.272999
2020-09-02 04:00:00+00:00,151.25,151.33000000000001,145.61000000000001,147.68000000000001,17990665,182857,147.70945800000001
2020-09-03 04:00:00+00:00,146.69999999999999,149.59999999999999,141.81,144.53999999999999,16741321,167983,145.176143
2020-09-04 04:00:00+00:00,144.02000000000001,145.03819999999999,140.09999999999999,142.83000000000001,12108511,137682,142.29587100000001
2020-09-08 04:00:00+00:00,141.41,141.90000000000001,138.25999999999999,138.44999999999999,12378200,131266,139.347914
2020-09-09 04:00:00+00:00,140.09,142.61000000000001,139.44999999999999,139.88999999999999,11878326,122997,141.05164199999999
2020-09-10 04:00:00+00:00,140.06,140.535,136.5857,136.81,11929635,124472,138.23242999999999
2020-09-11 04:00:00+00:00,137.05000000000001,138.44,135.55000000000001,136.69999999999999,10271245,112496,136.851777
2020-09-14 04:00:00+00:00,136.13999999999999,141.09999999999999,135.88,137.31999999999999,15789608,149763,138.060868
2020-09-15 04:00:00+00:00,138.22999999999999,139.07990000000001,136.68000000000001,137.36000000000001,10599929,113145,137.738573
2020-09-16 04:00:00+00:00,138.41,138.6825,136.05000000000001,136.25999999999999,9874305,102382,136.89502400000001
2020-09-17 04:00:00+00:00,135.43000000000001,137.56999999999999,135.02000000000001,136.69,13178514,124519,136.56222299999999
2020-09-18 04:00:00+00:00,136.44,137.53,134.75,135.28999999999999,24197713,112894,135.642526
2020-09-21 04:00:00+00:00,136.5,137.24000000000001,135.28999999999999,137.06999999999999,16746877,156874,136.39236099999999
2020-09-22 04:00:00+00:00,137.06999999999999,138.99000000000001,136.56999999999999,138.31,11700297,116316,137.88323600000001
2020-09-23 04:00:00+00:00,139,139.24000000000001,135.8193,135.99000000000001,8384665,89312,137.35511700000001
2020-09-24 04:00:00+00:00,135.72999999999999,137.79499999999999,135.06999999999999,136.69999999999999,10547877,106398,136.647786
2020-09-25 04:00:00+00:00,136.31100000000001,137.535,135.96000000000001,137.27000000000001,8088676,80285,136.80096499999999
2020-09-28 04:00:00+00:00,137.16,138.05000000000001,136.72,137.25,7846307,70551,137.327763
2020-09-29 04:00:00+00:00,137.27000000000001,138.13999999999999,136.38999999999999,137.13999999999999,9695679,82225,137.29538199999999
2020-09-30 04:00:00+00:00,137.38999999999999,141.74000000000001,137.20140000000001,139.91,13060453,113085,140.030079
2020-10-01 04:00:00+00:00,140.83000000000001,144.37989999999999,140.25999999999999,143.08000000000001,15305116,134172,142.94896399999999
2020-10-02 04:00:00+00:00,142.34,143.09999999999999,140.12970000000001,140.5,8601029,100476,141.05693099999999
2020-10-05 04:00:00+00:00,141.28999999999999,142.18989999999999,141.065,141.80000000000001,5102261,60043,141.73254700000001
2020-10-06 04:00:00+00:00,141.87,142.93989999999999,140.25,140.63,7718470,81552,141.40381199999999
2020-10-07 04:00:00+00:00,141.25999999999999,141.55000000000001,140.25,140.88999999999999,6200219,67707,141.00524300000001
2020-10-08 04:00:00+00:00,141.50999999999999,142.09,141.12,141.36000000000001,5620449,52984,141.50346400000001
2020-10-09 04:00:00+00:00,141.56,143.34,141.56,142.78,5263834,59395,142.72399799999999
2020-10-12 04:00:00+00:00,143.02000000000001,145.38999999999999,143.02000000000001,144.25,6738036,69135,144.44733400000001
2020-10-13 04:00:00+00:00,144.68000000000001,146.60499999999999,144.36000000000001,146.22999999999999,8540499,76744,145.78027
2020-10-14 04:00:00+00:00,146.40000000000001,146.52500000000001,143.76009999999999,143.94,7102024,75148,144.43738200000001
2020-10-15 04:00:00+00:00,143.09,144.96000000000001,142.8374,144.53,4910956,57476,144.321586
2020-10-16 04:00:00+00:00,145.40000000000001,146.15000000000001,144.47,144.71000000000001,6424250,64256,145.069444
2020-10-19 04:00:00+00:00,145.09999999999999,145.37,142.751,142.94999999999999,5579061,61737,143.70437799999999
2020-10-20 04:00:00+00:00,144.11000000000001,145.53,143.62,143.90000000000001,5103647,59153,144.43715800000001
2020-10-21 04:00:00+00:00,143.84,145.7259,143.84,144.40000000000001,4773682,57888,144.69150400000001
2020-10-22 04:00:00+00:00,144.19,144.56,142.69,143.55000000000001,4788781,60302,143.58641900000001
2020-10-23 04:00:00+00:00,143.97,144.13999999999999,142.84999999999999,143.84999999999999,3832242,45868,143.611391
2020-10-26 04:00:00+00:00,142.63999999999999,143.124,140.94,142.16,5723305,69947,141.987369
2020-10-27 04:00:00+00:00,142,143.69999999999999,141.97,142.87,4249204,51864,142.920863
2020-10-28 04:00:00+00:00,140.84999999999999,142.13,139.88,140.03999999999999,6287563,73485,140.65348599999999
2020-10-29 04:00:00+00:00,140,141.11000000000001,138.69999999999999,139.91999999999999,5541164,69676,140.09530100000001
2020-10-30 04:00:00+00:00,139.18000000000001,140.09,137.37,138.75,7348360,75612,138.521852
2020-11-02 05:00:00+00:00,140.59,140.81,139.03,140.40000000000001,5990472,69773,140.10116300000001
2020-11-03 05:00:00+00:00,141.65000000000001,144.16,141.56999999999999,142.78,5540528,68591,142.930533
2020-11-04 05:00:00+00:00,141.56999999999999,144.38999999999999,141.33609999999999,141.96000000000001,6583677,73519,142.687071
2020-11-05 05:00:00+00:00,144,144.22999999999999,142.94,143.47,5157905,65408,143.58238600000001
2020-11-06 05:00:00+00:00,144.36000000000001,146.22,143.55000000000001,145.77000000000001,5840507,68660,145.31147799999999
2020-11-09 05:00:00+00:00,148,148.19919999999999,143.47999999999999,143.53999999999999,10005885,123046,145.544826
2020-11-10 05:00:00+00:00,143.75,146.43709999999999,143.5301,145.56,6771036,73343,145.48121900000001
2020-11-11 05:00:00+00:00,146.9991,148.95500000000001,146.40000000000001,147.97999999999999,6728774,78698,147.983047
2020-11-12 05:00:00+00:00,148.47999999999999,148.7106,147.09999999999999,148.22999999999999,4612350,60827,147.96826799999999
2020-11-13 05:00:00+00:00,148.94,150.935,147.52000000000001,150.53999999999999,7389897,75551,149.79831100000001
2020-11-16 05:00:00+00:00,150.53,153.40000000000001,149.28,152.44,12414913,132343,152.24991499999999
2020-11-17 05:00:00+00:00,150.5,153.2448,149.18000000000001,149.37,15250874,150857,150.86567700000001
2020-11-18 05:00:00+00:00,149.86000000000001,151.66999999999999,149.05000000000001,149.09,8939235,96276,149.99134799999999
2020-11-19 05:00:00+00:00,149.46000000000001,152.44999999999999,149.31999999999999,152.12,6778439,78329,151.52427599999999
2020-11-20 05:00:00+00:00,151.16999999999999,152.75999999999999,149.81,150.24000000000001,8001877,85255,150.80988500000001
2020-11-23 05:00:00+00:00,150.37,151.40000000000001,149.37,150.93000000000001,6888430,77015,150.45327700000001
2020-11-24 05:00:00+00:00,151.74000000000001,151.97999999999999,150.27000000000001,151.36000000000001,6315650,74108,151.32262399999999
2020-11-25 05:00:00+00:00,151.25,152.38999999999999,151.21000000000001,151.83000000000001,5023062,64477,151.81514300000001
2020-11-27 05:00:00+00:00,152.15000000000001,152.72,151.09999999999999,151.59999999999999,3943708,53340,151.741815
2020-11-30 05:00:00+00:00,151.59999999999999,152.94999999999999,150.09999999999999,152.78999999999999,14042634,88121,152.30392699999999
2020-12-01 05:00:00+00:00,153.59999999999999,153.65969999999999,151.66,152.63999999999999,8383657,82173,152.584316
2020-12-02 05:00:00+00:00,152,152.62,149.53200000000001,150.52000000000001,8567227,100129,150.65528599999999
2020-12-03 05:00:00+00:00,150.28,150.28,148.38999999999999,149.30000000000001,9536099,102098,149.185115
2020-12-04 05:00:00+00:00,149.50999999999999,149.50999999999999,147.58000000000001,148.91,7856398,85921,148.44051200000001
2020-12-07 05:00:00+00:00,148.46000000000001,148.99000000000001,147.16,148.11000000000001,7103096,79124,147.89811800000001
2020-12-08 05:00:00+00:00,147.36000000000001,149.84999999999999,147.18000000000001,149.44999999999999,7743841,78306,149.07314099999999
2020-12-09 05:00:00+00:00,150,150,147.88999999999999,148.27000000000001,7496639,75449,148.459701
2020-12-10 05:00:00+00:00,147.6224,148.15000000000001,146.56999999999999,147.03999999999999,7725504,73565,147.21308200000001
2020-12-11 05:00:00+00:00,146.91999999999999,147.50810000000001,145.94,147,6088684,66477,146.901116
2020-12-14 05:00:00+00:00,147.69999999999999,147.72,145.40000000000001,145.65000000000001,9501796,86796,146.29511299999999
2020-12-15 05:00:00+00:00,145.52000000000001,146.36000000000001,144.86000000000001,145.58000000000001,12786445,102972,145.550895
2020-12-16 05:00:00+00:00,146.24000000000001,146.88999999999999,145.08000000000001,145.43000000000001,10009139,83996,145.67246900000001
2020-12-17 05:00:00+00:00,146.06,146.44,145.15000000000001,146.09999999999999,11286027,84271,145.97035199999999
2020-12-18 05:00:00+00:00,146.61500000000001,147.18000000000001,145.16,145.94999999999999,18465977,88907,146.002444
2020-12-21 05:00:00+00:00,145.5,146.66999999999999,145.06379999999999,145.97,9165111,92353,145.88038599999999
2020-12-22 05:00:00+00:00,145.18000000000001,146.22999999999999,143.13999999999999,144.19999999999999,12965956,136126,144.29010299999999
2020-12-23 05:00:00+00:00,143.53999999999999,144.22,142.30000000000001,143.22,7289069,89573,143.23938000000001
2020-12-24 05:00:00+00:00,143.59899999999999,144.38999999999999,143.18000000000001,143.5,3215899,38107,143.67497900000001
2020-12-28 05:00:00+00:00,144.03999999999999,145.30000000000001,143.33000000000001,145.22,7214990,74348,144.69145800000001
2020-12-29 05:00:00+00:00,145.63999999999999,145.845,143.59,144.30000000000001,6386743,75832,144.37087600000001
2020-12-30 05:00:00+00:00,144.88,145.15000000000001,143.94,144.18000000000001,6749365,56081,144.38141300000001
2020-12-31 05:00:00+00:00,144.19999999999999,144.27000000000001,142.84999999999999,144.15000000000001,6730202,70664,143.62538000000001
2021-01-04 05:00:00+00:00,144.4151,146.88999999999999,144.28,146.53,11516491,114954,146.03058300000001
2021-01-05 05:00:00+00:00,146.59999999999999,147.06999999999999,144.49000000000001,145.75,9485531,77111,145.58725899999999
2021-01-06 05:00:00+00:00,145.09,148.09999999999999,145.0111,146.66,7995803,88302,147.02480800000001
2021-01-07 05:00:00+00:00,147.62,147.75999999999999,146.03999999999999,146.65000000000001,7470596,78340,146.84760800000001
2021-01-08 05:00:00+00:00,146.88,147,145.81,146.63,9083016,75946,146.409873
2021-01-11 05:00:00+00:00,146,147.99000000000001,146,147.28999999999999,9253635,82681,147.26912200000001
2021-01-12 05:00:00+00:00,149,149.93000000000001,148.31999999999999,148.97,8481578,86286,149.14401000000001
2021-01-13 05:00:00+00:00,148.65170000000001,149.06999999999999,147.43000000000001,147.44999999999999,5931195,66848,148.01829000000001
2021-01-14 05:00:00+00:00,147.81999999999999,148,146.035,146.97,8335013,79136,146.803988
2021-01-15 05:00:00+00:00,145.13999999999999,145.90000000000001,143.67099999999999,144.63999999999999,13404856,98517,144.76215099999999
2021-01-19 05:00:00+00:00,144.63999999999999,145.06999999999999,142.66999999999999,143.38999999999999,9462472,88378,143.49864700000001
2021-01-20 05:00:00+00:00,143.59,145.66,142.88999999999999,145.50999999999999,8580637,83102,144.71754899999999
2021-01-21 05:00:00+00:00,145.36000000000001,145.72999999999999,144.21000000000001,144.84999999999999,5327099,56124,144.95328799999999
2021-01-22 05:00:00+00:00,145.59999999999999,147.34,145.12,146.33000000000001,7047739,76387,146.35584800000001
2021-01-25 05:00:00+00:00,145.15000000000001,146.25,144.27000000000001,146.19999999999999,6728510,82259,145.51048700000001
2021-01-26 05:00:00+00:00,145.57769999999999,147.81,145.47,147.50999999999999,5357748,69427,147.18420699999999
2021-01-27 05:00:00+00:00,146.96000000000001,147.86000000000001,143.55000000000001,143.84,11212455,121876,144.917405
2021-01-28 05:00:00+00:00,144.46000000000001,146.25999999999999,143.63,143.75,8267150,90130,144.49879999999999
2021-01-29 05:00:00+00:00,143.18000000000001,143.75,140.34999999999999,140.49000000000001,12082604,134156,141.253818
2021-02-01 05:00:00+00:00,140.91,141.49000000000001,139.19,139.27000000000001,9264336,108111,139.681938
2021-02-02 05:00:00+00:00,139.75999999999999,142.15000000000001,139.4401,140.77000000000001,9585171,94148,141.18131
2021-02-03 05:00:00+00:00,140.66,142.05000000000001,140.63,141.19999999999999,5480677,63139,141.31813299999999
2021-02-04 05:00:00+00:00,141.78999999999999,143.18000000000001,141.25999999999999,142.53,6440667,65236,142.41012799999999
2021-02-05 05:00:00+00:00,143.46000000000001,144.84999999999999,142.53,144.36000000000001,7408920,74515,144.00661600000001
2021-02-08 05:00:00+00:00,144.81,145.58000000000001,144.46000000000001,145.03,5685475,68235,144.92649800000001
2021-02-09 05:00:00+00:00,144.58000000000001,146.31999999999999,144.58000000000001,145.83000000000001,5665048,68205,145.73575600000001
2021-02-10 05:00:00+00:00,145.83000000000001,145.90000000000001,143.53880000000001,144.13,6536872,74242,144.33282399999999
2021-02-11 05:00:00+00:00,144.13999999999999,144.94999999999999,143.71000000000001,144.02000000000001,4561747,50502,144.25507999999999
2021-02-12 05:00:00+00:00,144.16,144.61000000000001,143.66999999999999,144.47,4836367,54041,144.266233
2021-02-16 05:00:00+00:00,145.94,146.38999999999999,144.93000000000001,145.66,9875031,90011,145.641659
2021-02-17 05:00:00+00:00,144.50999999999999,147.5,144.5,147.19999999999999,9090169,88033,146.306601
2021-02-18 05:00:00+00:00,139,140.69999999999999,137.5,137.66,33088196,338517,138.67336700000001
2021-02-19 05:00:00+00:00,137.80000000000001,139.41999999999999,137.66999999999999,138.34,12931526,120627,138.46864400000001
2021-02-22 05:00:00+00:00,137.74000000000001,138.34,136.25,137.69,11340074,125077,137.28801300000001
2021-02-23 05:00:00+00:00,137.11000000000001,137.38999999999999,135.06,135.47,11116716,119888,135.633827
2021-02-24 05:00:00+00:00,135.87,136.16,133.05000000000001,133.21000000000001,16254505,158509,133.669949
2021-02-25 05:00:00+00:00,133.09999999999999,134.00999999999999,131.48400000000001,131.94999999999999,11715432,126490,132.60095200000001
2021-02-26 05:00:00+00:00,131.5,131.81,129.86000000000001,129.91999999999999,15596023,145115,130.541167
2021-03-01 05:00:00+00:00,131.58000000000001,132.56999999999999,131.13,131.37,12143241,123685,131.917393
2021-03-02 05:00:00+00:00,131.50999999999999,132.75,130.00999999999999,130.11000000000001,10448299,105486,131.03253799999999
2021-03-03 05:00:00+00:00,129.5,129.93000000000001,127.55,127.59,14925755,145009,128.41913299999999
2021-03-04 05:00:00+00:00,127.81999999999999,129.58000000000001,126.28,127.53,16042493,156923,127.86363900000001
2021-03-05 05:00:00+00:00,126.84,129.74590000000001,126.75,129.12,12230255,129386,128.39396500000001
2021-03-08 05:00:00+00:00,129.33000000000001,129.84,127.81,127.88,14153078,140293,128.680286
2021-03-09 05:00:00+00:00,128.80000000000001,129.88,128.31999999999999,128.88999999999999,11641414,104550,129.15620799999999
2021-03-10 05:00:00+00:00,128.86000000000001,133.05000000000001,128.47,132.18000000000001,15727819,142996,131.423248
2021-03-11 05:00:00+00:00,133.36000000000001,133.49000000000001,131.53,132.13,12374764,107824,132.31938
2021-03-12 05:00:00+00:00,132.52000000000001,134.52000000000001,132.08009999999999,134.12,10207006,97412,133.53718000000001
2021-03-15 04:00:00+00:00,134.74000000000001,134.75,132.82499999999999,133.43000000000001,9599378,89596,133.46536399999999
2021-03-16 04:00:00+00:00,132.81999999999999,134.28,132.81999999999999,133.38999999999999,7560038,69255,133.64421200000001
2021-03-17 04:00:00+00:00,132.5,133.13999999999999,131.97999999999999,132.28,8836210,85881,132.34455700000001
2021-03-18 04:00:00+00:00,131.16,131.94999999999999,129.93000000000001,130.00999999999999,10782879,95031,130.50700499999999
2021-03-19 04:00:00+00:00,130.13,132.5,129.90000000000001,131.74000000000001,27004939,95313,131.61615499999999
2021-03-22 04:00:00+00:00,131,132.44999999999999,130.99000000000001,132.37,9142398,81877,132.02062699999999
2021-03-23 04:00:00+00:00,131.77500000000001,134.30000000000001,131.63,133.94,10342478,94579,133.27536699999999
2021-03-24 04:00:00+00:00,134.43000000000001,134.43000000000001,133.05000000000001,133.11000000000001,8451088,85594,133.595462
2021-03-25 04:00:00+00:00,133.25999999999999,134.5301,132.87,134.00999999999999,10013043,97226,133.75531899999999
2021-03-26 04:00:00+00:00,134,135.19999999999999,133.42099999999999,135.13,10279901,99389,134.48358500000001
2021-03-29 04:00:00+00:00,135,137.00999999999999,134.59999999999999,136.66999999999999,10744132,103901,136.10683499999999
2021-03-30 04:00:00+00:00,136.33000000000001,137.59,135.47,135.74000000000001,9715816,94855,136.179462
2021-03-31 04:00:00+00:00,135.66,136.86000000000001,134.96000000000001,135.83000000000001,9427890,80430,136.11995300000001
2021-04-01 04:00:00+00:00,135.94,136.88999999999999,135.33000000000001,135.62,9336840,85702,135.948182
2021-04-05 04:00:00+00:00,136.72,140.16,136.19999999999999,139.43000000000001,14675789,132770,139.29311799999999
2021-04-06 04:00:00+00:00,139.11000000000001,140.94820000000001,138.52000000000001,140.09999999999999,11396967,102860,140.07824099999999
2021-04-07 04:00:00+00:00,140.30000000000001,140.75,139.65000000000001,139.80000000000001,7630873,72040,140.03421299999999
2021-04-08 04:00:00+00:00,140.44999999999999,141.12,139.66,139.71000000000001,7480383,66030,140.04530299999999
2021-04-09 04:00:00+00:00,139.63,140.09,138.71379999999999,139.78,7702168,72539,139.52385899999999
2021-04-12 04:00:00+00:00,140.06999999999999,140.38,139.34,139.80000000000001,6241041,66299,139.799499
2021-04-13 04:00:00+00:00,139.80000000000001,140,138.87,139.37,5799331,67404,139.37489600000001
2021-04-14 04:00:00+00:00,139.12,139.46000000000001,138.41999999999999,139.31999999999999,8204164,76408,139.01090099999999
2021-04-15 04:00:00+00:00,139.40000000000001,140.47,139.19999999999999,140.16,7236781,87609,140.039571
2021-04-16 04:00:00+00:00,140.88999999999999,140.96000000000001,139.71000000000001,140.61000000000001,8825010,75548,140.62982700000001
2021-04-19 04:00:00+00:00,140.28999999999999,140.28999999999999,139.71000000000001,139.71000000000001,114261,2,140.28999999999999
2021-04-20 04:00:00+00:00,139.41999999999999,141.77000000000001,138.81999999999999,140.78999999999999,8150659,88469,140.463866
2021-04-21 04:00:00+00:00,140.77000000000001,141.69999999999999,140.53,141.19999999999999,6280648,65122,141.27217200000001
2021-04-22 04:00:00+00:00,141.08000000000001,141.44999999999999,139.41999999999999,139.66999999999999,7029099,76088,140.30544800000001
2021-04-23 04:00:00+00:00,139.09999999999999,140.34200000000001,139.03,139.90000000000001,8156718,85431,139.796539
2021-04-26 04:00:00+00:00,139.91,140,137.63999999999999,137.91,8132687,90121,138.19443699999999
2021-04-27 04:00:00+00:00,138,138.94499999999999,137.55000000000001,138.38,5754812,63567,138.47529499999999
2021-04-28 04:00:00+00:00,138.34999999999999,138.59,137.86500000000001,137.88999999999999,5246045,59234,138.132237
2021-04-29 04:00:00+00:00,137.90000000000001,140,137.90000000000001,139.63,7001722,74086,139.45881
2021-04-30 04:00:00+00:00,139.71000000000001,139.99000000000001,139.11000000000001,139.91,7878782,68956,139.748783
2021-05-03 04:00:00+00:00,139.68000000000001,142.74000000000001,139.68000000000001,142.12,9520100,99448,141.939549
2021-05-04 04:00:00+00:00,141.53999999999999,142.03,140.09999999999999,140.72,6841352,78838,140.870969
2021-05-05 04:00:00+00:00,140.71000000000001,141.19999999999999,140.25,140.59999999999999,6652665,72923,140.694219
2021-05-06 04:00:00+00:00,140,141.357,139.44999999999999,141.05000000000001,6209983,70952,140.83960200000001
2021-05-07 04:00:00+00:00,141.63,141.72,139.31999999999999,140.19999999999999,8258860,88897,140.40621100000001
2021-05-10 04:00:00+00:00,140.44999999999999,142.08000000000001,140.31,140.81999999999999,8769742,85024,141.056432
2021-05-11 04:00:00+00:00,140.87,140.87,138.31999999999999,139.55000000000001,9441091,95266,139.28118499999999
2021-05-12 04:00:00+00:00,138.87,138.97999999999999,135.91,135.94,9324158,104639,136.72133099999999
2021-05-13 04:00:00+00:00,136.22999999999999,138.97999999999999,135.75999999999999,138.24000000000001,7160053,86263,137.933941
2021-05-14 04:00:00+00:00,138.81,140.24000000000001,138.43000000000001,139.52000000000001,5719741,67628,139.58881099999999
2021-05-17 04:00:00+00:00,140,140.40000000000001,138.77000000000001,138.88999999999999,10679998,99802,139.218648
2021-05-18 04:00:00+00:00,143.50999999999999,144.58000000000001,141.21000000000001,141.91,32176672,248930,142.64872099999999
2021-05-19 04:00:00+00:00,140.71000000000001,143.72,140.5,141.91999999999999,19299852,170784,142.08984699999999
2021-05-20 04:00:00+00:00,141.5,142.87,140.69999999999999,142.41999999999999,17504831,118202,142.214046
2021-05-21 04:00:00+00:00,142.52000000000001,143.08000000000001,141.59999999999999,141.75,12808476,106879,142.11935299999999
2021-05-24 04:00:00+00:00,141.75999999999999,142.41999999999999,141.36000000000001,141.75999999999999,10315730,99725,142.04867200000001
2021-05-25 04:00:00+00:00,141.80000000000001,142.63999999999999,141.06999999999999,142.34,11981448,110517,142.12143800000001
2021-05-26 04:00:00+00:00,142.38999999999999,142.88,141.75999999999999,142.16999999999999,10446034,96092,142.193152
2021-05-27 04:00:00+00:00,143.34999999999999,143.68000000000001,141.69,141.69,32499055,128844,142.066577
2021-05-28 04:00:00+00:00,141.93000000000001,142.44999999999999,141.63999999999999,142.03,11731912,96041,142.14578
2021-06-01 04:00:00+00:00,142.21000000000001,142.80000000000001,141.27000000000001,141.66,11415089,104662,141.831276
2021-06-02 04:00:00+00:00,141.38999999999999,141.7099,140.09,141.34999999999999,12841851,115895,141.10216
2021-06-03 04:00:00+00:00,141.38999999999999,141.84999999999999,140.75,141.59999999999999,9967743,95948,141.47417200000001
2021-06-04 04:00:00+00:00,141.46000000000001,142.28999999999999,141.25,141.84999999999999,7433338,75597,141.80892299999999
2021-06-07 04:00:00+00:00,141.84999999999999,141.97,140.38999999999999,140.90000000000001,8966171,76892,140.889264
2021-06-08 04:00:00+00:00,140.50999999999999,140.90000000000001,139.81,139.83000000000001,10942897,94785,140.30040199999999
2021-06-09 04:00:00+00:00,139.34,140.00999999999999,139.03,139.08000000000001,9444386,89424,139.45950999999999
2021-06-10 04:00:00+00:00,139.08000000000001,140.19,139.08000000000001,139.88,9165852,82842,139.82033699999999
2021-06-11 04:00:00+00:00,140.22999999999999,140.84999999999999,139.86000000000001,140.75,14793960,108445,140.51761200000001
2021-06-14 04:00:00+00:00,140.93000000000001,140.93000000000001,140.0301,140.56,5419739,59603,140.366557
2021-06-15 04:00:00+00:00,140.84,140.91,139.66,140,7218357,65404,140.01440400000001
2021-06-16 04:00:00+00:00,139.84999999999999,140.03999999999999,136.97,137.15000000000001,10493368,108781,137.908018
2021-06-17 04:00:00+00:00,137,138.34999999999999,136.71000000000001,137.72,7203114,77840,137.65685099999999
2021-06-18 04:00:00+00:00,135.44,136.38800000000001,134.40000000000001,135.16999999999999,20742561,110685,135.233846
2021-06-21 04:00:00+00:00,135.66,136.75,135.34999999999999,136.40000000000001,7994741,65662,136.32816199999999
2021-06-22 04:00:00+00:00,136.22999999999999,137.72,136.22999999999999,137.03,7276864,69080,137.09690800000001
2021-06-23 04:00:00+00:00,136.5,136.99000000000001,135.93000000000001,135.96000000000001,7136976,66595,136.364383
2021-06-24 04:00:00+00:00,136.16999999999999,137.24000000000001,136.09999999999999,136.91,8502867,82570,136.88891699999999
2021-06-25 04:00:00+00:00,137.13,138.86000000000001,136.91999999999999,138.53,11098030,83098,138.333901
2021-06-28 04:00:00+00:00,138.03999999999999,138.63999999999999,136.59999999999999,138.09999999999999,5691167,61966,138.227349
2021-06-29 04:00:00+00:00,137.90000000000001,138.47,137.22999999999999,137.30000000000001,12776524,79156,137.62305799999999
2021-06-30 04:00:00+00:00,139.56,142.58000000000001,138.69,141.02000000000001,16608742,133441,141.12577999999999
2021-07-01 04:00:00+00:00,140.41,141.25,139.00999999999999,139.31999999999999,9964117,91550,139.68151
2021-07-02 04:00:00+00:00,139.34999999999999,141.08000000000001,139.34999999999999,140.11000000000001,10071335,77547,140.29310599999999
2021-07-06 04:00:00+00:00,139.90000000000001,140.75,139.51499999999999,139.94,6794220,72304,140.011405
2021-07-07 04:00:00+00:00,139.75999999999999,141.19,139.36000000000001,139.71000000000001,10077628,72425,140.057683
2021-07-08 04:00:00+00:00,138.34,140.65000000000001,138.2209,139.59,7731092,78643,139.55744100000001
2021-07-09 04:00:00+00:00,140.41,140.84,139.93000000000001,140.30000000000001,5661583,57878,140.361977
2021-07-12 04:00:00+00:00,140.69,140.78999999999999,139.33000000000001,140.05000000000001,7374324,64084,140.00542200000001
2021-07-13 04:00:00+00:00,139.99000000000001,141.18000000000001,139.94,140.58000000000001,6773721,69402,140.68169900000001
2021-07-14 04:00:00+00:00,140.71000000000001,141.80000000000001,139.83000000000001,141.55000000000001,6932558,69621,141.24673999999999
2021-07-15 04:00:00+00:00,142,142.63999999999999,141.09,141.66,6483616,70697,141.758276
2021-07-16 04:00:00+00:00,141.69999999999999,142.13,140.94999999999999,141.56,6939701,61126,141.595935
2021-07-19 04:00:00+00:00,141.41,142.97999999999999,139.77000000000001,141.22999999999999,10031699,106337,140.97886
2021-07-20 04:00:00+00:00,140.97,142.47,140.77699999999999,141.87,7016961,79468,141.929315
2021-07-21 04:00:00+00:00,142.5,142.53999999999999,140.70500000000001,141.16999999999999,7378532,61402,141.24857
2021-07-22 04:00:00+00:00,141.13,142.11709999999999,140.80000000000001,141.27000000000001,4656120,51815,141.340183
2021-07-23 04:00:00+00:00,141.52000000000001,142.72,141.00999999999999,142.43000000000001,5686629,61857,142.202113
2021-07-26 04:00:00+00:00,142.36000000000001,143.86000000000001,141.46000000000001,142.63,7084745,66689,142.54119
2021-07-27 04:00:00+00:00,143,143,141.96000000000001,142.63999999999999,5650780,60493,142.48923300000001
2021-07-28 04:00:00+00:00,142.47999999999999,143.25,141.66,142.06,5095990,60818,142.23963599999999
2021-07-29 04:00:00+00:00,142.63999999999999,142.84999999999999,142.02289999999999,142.24000000000001,3956044,50446,142.34090499999999
2021-07-30 04:00:00+00:00,141.19999999999999,142.95500000000001,141.19999999999999,142.55000000000001,6078789,65407,142.51769999999999
2021-08-02 04:00:00+00:00,142.83000000000001,142.87,141.66999999999999,142.22,7582380,62323,142.149824
2021-08-03 04:00:00+00:00,142.44,143.90000000000001,142.36000000000001,143.81999999999999,6658999,76166,143.546211
2021-08-04 04:00:00+00:00,143.38,143.94,142.74000000000001,142.84,5653232,66090,143.08801299999999
2021-08-05 04:00:00+00:00,144.22999999999999,145.53999999999999,143.99000000000001,145.49000000000001,9921864,91748,145.04822899999999
2021-08-06 04:00:00+00:00,146.21000000000001,146.47,144.94999999999999,145.22999999999999,7048123,76104,145.500137
2021-08-09 04:00:00+00:00,145.91,146.47999999999999,145.40000000000001,145.58000000000001,5630714,63434,145.79315
2021-08-10 04:00:00+00:00,146.97,148.94999999999999,146.25,148.68000000000001,13368817,126919,148.12341900000001
2021-08-11 04:00:00+00:00,149.50999999999999,151.58000000000001,149.16,150.00999999999999,14683844,124185,150.30886100000001
2021-08-12 04:00:00+00:00,149,150.21000000000001,148.81,149.06,6527610,71973,149.33766600000001
2021-08-13 04:00:00+00:00,149.38,150.36000000000001,149.16,149.53,5911524,64479,149.6123
2021-08-16 04:00:00+00:00,149.68000000000001,151.72999999999999,149.03999999999999,150.75,17728353,137382,150.78818699999999
2021-08-17 04:00:00+00:00,150.40000000000001,152.5,149.09999999999999,150.69999999999999,17737219,173648,151.073666
2021-08-18 04:00:00+00:00,150.55000000000001,152.56999999999999,149.02000000000001,149.09999999999999,9939532,109838,150.28061299999999
2021-08-19 04:00:00+00:00,148.33000000000001,150.66,148,150.11000000000001,7973283,91220,149.83585400000001
2021-08-20 04:00:00+00:00,150.47999999999999,151.72,149.75,151.44999999999999,6999021,79707,151.23555300000001
2021-08-23 04:00:00+00:00,151.53,151.78700000000001,150.41,150.44999999999999,5794964,72181,150.855152
2021-08-24 04:00:00+00:00,150.5,150.5,148.69999999999999,148.90000000000001,6625104,74852,149.25989000000001
2021-08-25 04:00:00+00:00,148.41,149.28,148.02500000000001,148.96000000000001,7768686,77584,148.832661
2021-08-26 04:00:00+00:00,147.47,148.27000000000001,146.66999999999999,147.34999999999999,8213973,84743,147.42407600000001
2021-08-27 04:00:00+00:00,147.50999999999999,147.69,146.18000000000001,146.52000000000001,8576847,84583,146.65249600000001
2021-08-30 04:00:00+00:00,146.41999999999999,147.9999,146.02000000000001,147.69999999999999,5814072,65582,147.48329200000001
2021-08-31 04:00:00+00:00,147.99000000000001,148.44,147.24000000000001,148.09999999999999,9828134,78560,148.007969
2021-09-01 04:00:00+00:00,147.56,147.9325,146.56999999999999,147.78,6698337,73516,147.452799
2021-09-02 04:00:00+00:00,148.12,148.785,147.69,148.56,7227650,73202,148.420637
2021-09-03 04:00:00+00:00,148.19999999999999,149.6473,147.90000000000001,149.25,6212587,71272,149.045751
2021-09-07 04:00:00+00:00,148.97,149.16999999999999,147.06,147.27000000000001,8827203,103427,147.85699199999999
2021-09-08 04:00:00+00:00,146.94999999999999,148.31999999999999,146.72999999999999,147.46000000000001,6862838,72694,147.54007999999999
2021-09-09 04:00:00+00:00,147.46000000000001,147.61000000000001,145.84,146.41999999999999,7967982,83324,146.70702399999999
2021-09-10 04:00:00+00:00,147.19999999999999,147.24000000000001,145.42500000000001,145.88999999999999,6142888,66151,146.00181599999999
2021-09-13 04:00:00+00:00,146.52000000000001,147.15000000000001,144.636,145.06,6982309,77274,145.502872
2021-09-14 04:00:00+00:00,145.47999999999999,145.88,143.91999999999999,144.30000000000001,5951583,71669,144.353463
2021-09-15 04:00:00+00:00,144.06999999999999,144.75,143.78999999999999,144.55000000000001,5650262,61046,144.403131
2021-09-16 04:00:00+00:00,144.44,145.3081,143.6901,145.03,7464849,69232,144.81270900000001
2021-09-17 04:00:00+00:00,144.13999999999999,146.16,144.02000000000001,144.72999999999999,33686685,112995,144.901768
2021-09-20 04:00:00+00:00,143.5,145.185,141.62,142.74000000000001,9201530,102159,143.24462
2021-09-21 04:00:00+00:00,142.69999999999999,144.58000000000001,142.66999999999999,143.02000000000001,6406822,68065,143.352746
2021-09-22 04:00:00+00:00,143.47,143.59999999999999,142.28999999999999,142.69,5588930,60442,142.90029899999999
2021-09-23 04:00:00+00:00,143.22,143.63,142.44999999999999,142.77000000000001,5555181,67656,142.93934400000001
2021-09-24 04:00:00+00:00,142.5,143.69,142.49000000000001,143.16999999999999,4909873,57561,143.20173299999999
2021-09-27 04:00:00+00:00,142.87,143.55000000000001,141.84,142.25,7903610,78174,142.410394
2021-09-28 04:00:00+00:00,141.88,142.07480000000001,139.99000000000001,140.5,7473948,90402,140.71251599999999
2021-09-29 04:00:00+00:00,140.65000000000001,141.83000000000001,140.31999999999999,140.44,7786189,80858,141.01109199999999
2021-09-30 04:00:00+00:00,140.63999999999999,141.72999999999999,139.25,139.38,8550841,85780,139.904236
2021-10-01 04:00:00+00:00,139.25999999999999,139.63,135.92009999999999,137.05000000000001,10624783,120226,137.182952
2021-10-04 04:00:00+00:00,137.09,138.22999999999999,134.70500000000001,135.72999999999999,10906685,111616,135.78597600000001
2021-10-05 04:00:00+00:00,135.94999999999999,137.71000000000001,135.90000000000001,136.62,7636512,77560,136.88491099999999
2021-10-06 04:00:00+00:00,136.24000000000001,137.78999999999999,136.13,137.62,7082317,79718,137.162882
2021-10-07 04:00:00+00:00,138.78,140.69999999999999,138.75999999999999,139.24000000000001,7451567,80567,139.673528
2021-10-08 04:00:00+00:00,139.66,140.09,139.00999999999999,139.66,5092054,59914,139.55250799999999
2021-10-11 04:00:00+00:00,139.52000000000001,140.78,139.44,139.53,4616652,60776,139.84831800000001
2021-10-12 04:00:00+00:00,139.34,140.41,139.07499999999999,139.38,5841679,71079,139.66339199999999
2021-10-13 04:00:00+00:00,139.5,140.00999999999999,138.13,138.37,6511674,71276,138.63182699999999
2021-10-14 04:00:00+00:00,138.5,140.07499999999999,138.5,139.87,7720367,68870,139.69420400000001
2021-10-15 04:00:00+00:00,140.62,141.095,139.96000000000001,140.55000000000001,9137601,64831,140.486279
2021-10-18 04:00:00+00:00,140,142.005,139.83000000000001,141.68000000000001,7512296,75883,141.52343999999999
2021-10-19 04:00:00+00:00,144.63,145.61000000000001,143.66,144.69,11848028,118531,144.47482099999999
2021-10-20 04:00:00+00:00,144.88999999999999,146.49000000000001,144.88999999999999,146,6525721,77305,145.95466999999999
2021-10-21 04:00:00+00:00,146.58000000000001,146.91499999999999,145.81,146.81,5164360,63254,146.55374499999999
2021-10-22 04:00:00+00:00,147.09999999999999,149.69,147.09999999999999,148.34,7503645,88802,148.491411
2021-10-25 04:00:00+00:00,148.78,150.06,148.78,150.06,898319,78,149.93415999999999
2021-10-26 04:00:00+00:00,150,150.55000000000001,148.46000000000001,148.75,6298742,80300,149.14214899999999
2021-10-27 04:00:00+00:00,148.96000000000001,149.02000000000001,147.38999999999999,147.53,5730590,66207,147.87351200000001
2021-10-28 04:00:00+00:00,148.34,148.97999999999999,147.71000000000001,148.44999999999999,4985498,56583,148.39639700000001
2021-10-29 04:00:00+00:00,147.91,150.09899999999999,147.56059999999999,149.41999999999999,8603448,75522,149.29115200000001
2021-11-01 04:00:00+00:00,149.97999999999999,150.75,149.34999999999999,149.78999999999999,4684781,59266,149.851462
2021-11-02 04:00:00+00:00,149.97,150.17500000000001,149.28,149.72,5145629,61323,149.759342
2021-11-03 04:00:00+00:00,149.59999999999999,150.28999999999999,149.03,150.18000000000001,5534522,60912,149.82099400000001
2021-11-04 04:00:00+00:00,150.18000000000001,151.84800000000001,149.83000000000001,151.28,5695054,70597,151.19957500000001
2021-11-05 04:00:00+00:00,152,152,149.61500000000001,150.22999999999999,5620594,70283,150.35804099999999
2021-11-08 05:00:00+00:00,150.22,150.50999999999999,148.72999999999999,149.27000000000001,5559199,70319,149.312657
2021-11-09 05:00:00+00:00,149.52000000000001,149.87,148.86500000000001,149.78999999999999,5554652,66271,149.473206
2021-11-10 05:00:00+00:00,148.72999999999999,149.62,147.97999999999999,148.44,6126707,76657,148.79619700000001
2021-11-11 05:00:00+00:00,148.77000000000001,148.99000000000001,148.19,148.5,4922770,63510,148.52025
2021-11-12 05:00:00+00:00,149,149.24000000000001,147.53999999999999,147.75999999999999,6692168,70590,148.14064200000001
2021-11-15 05:00:00+00:00,148.15000000000001,148.44999999999999,146.40000000000001,146.91,10518597,111693,147.160222
2021-11-16 05:00:00+00:00,145.09999999999999,146.68000000000001,142.30000000000001,143.16999999999999,25787941,255494,143.70105000000001
2021-11-17 05:00:00+00:00,143.16,144.72,141.81999999999999,141.94,11632033,124956,142.699612
2021-11-18 05:00:00+00:00,142.13999999999999,143.28999999999999,140.86000000000001,143.16,9019557,93587,142.332921
2021-11-19 05:00:00+00:00,143.62,144,141.94,142.38999999999999,10667836,97806,142.803628
2021-11-22 05:00:00+00:00,142.66,145.36000000000001,142,144.78,10453852,109155,144.268248
2021-11-23 05:00:00+00:00,144.25,145.97999999999999,143.25,145.81,10792694,95609,145.32308599999999
2021-11-24 05:00:00+00:00,145.72999999999999,147.06,145.63999999999999,146.53999999999999,6505518,80713,146.32809700000001
2021-11-26 05:00:00+00:00,146.44,147.88,144.41999999999999,144.90000000000001,7055186,85006,146.041327
2021-11-29 05:00:00+00:00,145,145.25,142.22999999999999,142.63,12239857,113479,143.107822
2021-11-30 05:00:00+00:00,141.47999999999999,142.5,140.00999999999999,140.63,29335808,135833,140.68374
2021-12-01 05:00:00+00:00,140.50999999999999,140.715,137.03999999999999,137.13999999999999,13321602,150354,138.797089
2021-12-02 05:00:00+00:00,137.63,138.44,135.24000000000001,135.47,14677133,149691,136.43816899999999
2021-12-03 05:00:00+00:00,135.86000000000001,137.88,135.28999999999999,137.50999999999999,15980102,155138,137.08008000000001
2021-12-06 05:00:00+00:00,137.56,139.36000000000001,137.09999999999999,139,12189104,118561,138.59791200000001
2021-12-07 05:00:00+00:00,139.59999999999999,139.83000000000001,138.09,138.55000000000001,13962568,129487,138.80174199999999
2021-12-08 05:00:00+00:00,138.06,138.5,136.00999999999999,137.15000000000001,12416746,138002,136.99480800000001
2021-12-09 05:00:00+00:00,136.63,138.56999999999999,135.71000000000001,138.5,11562228,120059,137.72762499999999
2021-12-10 05:00:00+00:00,138.34,141.30000000000001,137.56999999999999,141.03,13581456,134923,140.06279599999999
2021-12-13 05:00:00+00:00,140.24000000000001,143.7499,140.00999999999999,143.56999999999999,19489933,138165,142.54683
2021-12-14 05:00:00+00:00,143.30000000000001,145.28,142.15010000000001,144.94,16660998,160825,144.24675300000001
2021-12-15 05:00:00+00:00,145.21000000000001,146.47,143.40000000000001,145.77000000000001,12158545,148588,145.448905
2021-12-16 05:00:00+00:00,145.77000000000001,146.52600000000001,142.88999999999999,143.34,14393282,134951,144.24397400000001
2021-12-17 05:00:00+00:00,142.75,143.94999999999999,138.38999999999999,138.75,35653800,147849,139.88692599999999
2021-12-20 05:00:00+00:00,138.12,139.75,137.59999999999999,139.19999999999999,11467031,121398,138.92279199999999
2021-12-21 05:00:00+00:00,138.90000000000001,139.86000000000001,138.00999999999999,139.62,9149656,96396,139.25033300000001
2021-12-22 05:00:00+00:00,139.90000000000001,139.99000000000001,138.53,139.80000000000001,6131288,75571,139.58180100000001
2021-12-23 05:00:00+00:00,139.80000000000001,140.16,138.84999999999999,139.49000000000001,6354452,71796,139.564482
2021-12-27 05:00:00+00:00,139.59999999999999,140.87,139.56999999999999,140.75999999999999,5753992,68348,140.36122
2021-12-28 05:00:00+00:00,140.59999999999999,142.97,140.59999999999999,142.78,5726337,71621,142.312275
2021-12-29 05:00:00+00:00,142.66,143.53,142.31999999999999,142.71000000000001,4794050,60036,142.787272
2021-12-30 05:00:00+00:00,143.25999999999999,143.69499999999999,142.47999999999999,143.16999999999999,5338560,67653,143.18165200000001
2021-12-31 05:00:00+00:00,143.19999999999999,145.04499999999999,142.91999999999999,144.69,6824240,69157,144.37074799999999
2022-01-03 05:00:00+00:00,144,144.78989999999999,143.00999999999999,144.65000000000001,8017398,81866,144.15792400000001
2022-01-04 05:00:00+00:00,144.03999999999999,145.13990000000001,141.75999999999999,142,13172243,112943,142.637912
2022-01-05 05:00:00+00:00,142.84999999999999,145.94999999999999,142.73990000000001,143.91999999999999,13115814,118739,144.43292
2022-01-06 05:00:00+00:00,143.62,144.63999999999999,142.40000000000001,143.52000000000001,8121528,91684,143.61095299999999
2022-01-07 05:00:00+00:00,143.5,145.36000000000001,142.96000000000001,144.88999999999999,7979498,68668,144.59084999999999
2022-01-10 05:00:00+00:00,145.44,145.59,143.12,144.61000000000001,8729400,95957,144.42830499999999
2022-01-11 05:00:00+00:00,144.21000000000001,144.62,143.17500000000001,144.19999999999999,8191726,75592,144.063748
2022-01-12 05:00:00+00:00,143.68000000000001,143.96010000000001,143,143.44,7003461,69299,143.46114499999999
2022-01-13 05:00:00+00:00,143.43000000000001,145.68000000000001,143.11000000000001,145.47,8897878,94780,144.88706300000001
2022-01-14 05:00:00+00:00,144.22,146.63,144.22,145.06,9891950,106766,145.06608299999999
2022-01-18 05:00:00+00:00,144.41,144.69999999999999,142.13,142.52000000000001,7997050,92799,142.945911
2022-01-19 05:00:00+00:00,142.53999999999999,144.99000000000001,141.91999999999999,143.94,8369010,88440,143.957199
2022-01-20 05:00:00+00:00,142.34999999999999,144.46000000000001,141.06999999999999,141.22,8370954,97304,142.42345599999999
2022-01-21 05:00:00+00:00,141.22,142.26159999999999,140.06,140.19,9575185,105168,140.97010299999999
2022-01-24 05:00:00+00:00,139.06999999999999,140.25,138.06,140.19999999999999,3277713,37169,139.538872
2022-01-25 05:00:00+00:00,139.99000000000001,140.37,136.81,137.15000000000001,10732993,118155,137.695941
2022-01-26 05:00:00+00:00,137.34,138.78999999999999,135.75,135.75,6005017,76853,137.18346399999999
2022-01-27 05:00:00+00:00,136.91999999999999,139.08000000000001,135.37,135.84,9900019,119780,136.96400800000001
2022-01-28 05:00:00+00:00,136,137.56999999999999,133.94999999999999,137.52000000000001,9296969,104007,136.29862
2022-01-31 05:00:00+00:00,137.09,140.03999999999999,136.69999999999999,139.81,7906559,83645,139.19645800000001
2022-02-01 05:00:00+00:00,139.21000000000001,141.1499,138.99000000000001,140.91,7751513,86383,140.32183000000001
2022-02-02 05:00:00+00:00,141,141.63999999999999,140.15000000000001,140.84999999999999,6644241,70546,140.91533000000001
2022-02-03 05:00:00+00:00,140.25999999999999,141.99000000000001,139.77000000000001,140.99000000000001,7721516,78532,141.06025399999999
2022-02-04 05:00:00+00:00,140.88999999999999,141,138.34999999999999,139.33000000000001,8100954,78865,139.52340899999999
2022-02-07 05:00:00+00:00,140.06,140.06999999999999,137.61000000000001,137.96000000000001,7479115,79870,138.381067
2022-02-08 05:00:00+00:00,138.31999999999999,139.24000000000001,137.50999999999999,137.99000000000001,7296652,77916,138.21661900000001
2022-02-09 05:00:00+00:00,138.5,138.78999999999999,137.47,137.69,7847080,89918,137.912364
2022-02-10 05:00:00+00:00,136.55000000000001,137.01499999999999,135.46000000000001,136.08000000000001,10113589,125335,136.186635
2022-02-11 05:00:00+00:00,136.81999999999999,137.18000000000001,134.16499999999999,135.33000000000001,8787952,104266,135.60466500000001
2022-02-14 05:00:00+00:00,135.33000000000001,135.96000000000001,132.71000000000001,133.94999999999999,10785252,118053,133.77010999999999
2022-02-15 05:00:00+00:00,134.74000000000001,135.66999999999999,133.78999999999999,134.37,8212840,88212,134.49270200000001
2022-02-16 05:00:00+00:00,134.33000000000001,134.88,132.69999999999999,133.53,10768927,114246,133.57576299999999
2022-02-17 05:00:00+00:00,134,139.47,133.78,138.88,18910860,191063,137.52771899999999
2022-02-18 05:00:00+00:00,138.09999999999999,139.5899,137.16069999999999,137.99000000000001,11664736,112948,138.18532300000001
2022-02-22 05:00:00+00:00,137.77000000000001,138.24000000000001,135.94,136.44999999999999,9426928,101550,136.656691
2022-02-23 05:00:00+00:00,136.86000000000001,137.19,134.84,135.05000000000001,7700596,89187,135.66522499999999
2022-02-24 05:00:00+00:00,133.91,135.00999999999999,132.00999999999999,134.53,12083147,135632,133.81587999999999
2022-02-25 05:00:00+00:00,134.81,136.78,134.09,136.38,9007024,103199,135.91772599999999
2022-02-28 05:00:00+00:00,135,136.06999999999999,133.77000000000001,135.16,10778820,96457,134.861807
2022-03-01 05:00:00+00:00,135.87,137.88999999999999,135.02000000000001,135.99000000000001,9168487,98275,136.29234299999999
2022-03-02 05:00:00+00:00,135.66,136.83000000000001,135.18000000000001,136.16,8964173,104363,136.182039
2022-03-03 05:00:00+00:00,137.28999999999999,140.47,136.55000000000001,139.28999999999999,10731991,127504,139.28882100000001
2022-03-04 05:00:00+00:00,137.81,142.94,137.59,142.81999999999999,12648837,135866,141.62865099999999
2022-03-07 05:00:00+00:00,141.30000000000001,143.63,140.44999999999999,141.66999999999999,16389439,168676,141.81929299999999
2022-03-08 05:00:00+00:00,141.5,141.5,138.74000000000001,138.74000000000001,883313,135,139.08738600000001
2022-03-09 05:00:00+00:00,140,140.24000000000001,138.13999999999999,139.46000000000001,8545014,91876,139.519634
2022-03-10 05:00:00+00:00,139.49000000000001,143,139.00999999999999,142.63,9892046,106448,141.383149
2022-03-11 05:00:00+00:00,142.30000000000001,144.05000000000001,141.88,142.06999999999999,7179392,80388,142.48183
2022-03-14 04:00:00+00:00,142.02000000000001,144.84999999999999,141.99000000000001,144.05000000000001,8273467,96090,143.95258200000001
2022-03-15 04:00:00+00:00,144.53,146.15000000000001,143.84999999999999,145.78,8794650,98868,145.425015
2022-03-16 04:00:00+00:00,145.38999999999999,146.94,143.69999999999999,145.34999999999999,9393836,103626,145.26774900000001
2022-03-17 04:00:00+00:00,144.44999999999999,145.30000000000001,142.65000000000001,145.00999999999999,7042065,78480,144.64037999999999
2022-03-18 04:00:00+00:00,145.18000000000001,145.56999999999999,144.108,145.44,15350064,78036,145.34885700000001
2022-03-21 04:00:00+00:00,145.43000000000001,147.28999999999999,143.62,144.22999999999999,8482638,85488,144.58095499999999
2022-03-22 04:00:00+00:00,144.61000000000001,144.97,142.97999999999999,143.80000000000001,7929621,78343,143.77839
2022-03-23 04:00:00+00:00,143.13999999999999,143.72999999999999,141.52000000000001,141.94999999999999,7446250,80908,142.17870199999999
2022-03-24 04:00:00+00:00,142.38999999999999,143.91,141.875,142.83000000000001,5111454,61926,142.74511899999999
2022-03-25 04:00:00+00:00,143.44999999999999,143.93000000000001,142.26499999999999,143.44999999999999,5214368,63744,143.147223
2022-03-28 04:00:00+00:00,143.5,146.06,143.30000000000001,146,8198805,87515,145.40587500000001
2022-03-29 04:00:00+00:00,146.59999999999999,148.09999999999999,146.25,147.22999999999999,8242949,92520,147.175139
2022-03-30 04:00:00+00:00,147.13,150.18000000000001,147.03999999999999,149.87,10146458,114003,149.305024
2022-03-31 04:00:00+00:00,148.78999999999999,150.53999999999999,148.18000000000001,148.91999999999999,10830526,102624,149.379651
2022-04-01 04:00:00+00:00,149.66,151.27000000000001,148.83969999999999,151.00999999999999,7771125,90687,150.38103100000001
2022-04-04 04:00:00+00:00,150.91,153.19999999999999,150.08000000000001,151.03999999999999,9364569,112677,151.41940099999999
2022-04-05 04:00:00+00:00,150.88,153.33000000000001,150.88,151.47,7346749,84388,151.961656
2022-04-06 04:00:00+00:00,151.02000000000001,155.41999999999999,150.4983,154.99000000000001,10301495,124003,153.86503099999999
2022-04-07 04:00:00+00:00,155.09999999999999,157.53999999999999,154.44,156.53999999999999,10012775,120069,156.219684
2022-04-08 04:00:00+00:00,156.91,158.41,156.21000000000001,157.41,8844891,98712,157.426849
2022-04-11 04:00:00+00:00,156.97,158.24000000000001,153.63,154.28999999999999,9042946,110598,155.52364700000001
2022-04-12 04:00:00+00:00,154.24000000000001,155.40000000000001,152.55000000000001,153.22999999999999,9921972,107979,153.711513
2022-04-13 04:00:00+00:00,153.44999999999999,157.78999999999999,153.34999999999999,157.22,10440543,107632,156.28569999999999
2022-04-14 04:00:00+00:00,157.11000000000001,158.28999999999999,156.43000000000001,157.08000000000001,9416424,80733,157.251194
2022-04-18 04:00:00+00:00,156.75,157.97999999999999,155.21000000000001,155.88,5763146,67579,156.32363000000001
2022-04-19 04:00:00+00:00,156.66999999999999,157.94999999999999,156.03999999999999,157.65000000000001,6234805,64938,157.41454300000001
2022-04-20 04:00:00+00:00,158.34999999999999,160.34999999999999,158.29499999999999,159.63,7156559,92220,159.52356900000001
2022-04-21 04:00:00+00:00,159.91999999999999,160.77000000000001,159.06999999999999,159.87,6816034,79514,159.96443199999999
2022-04-22 04:00:00+00:00,160.25,160.36000000000001,156.66,156.86000000000001,7763604,96956,158.14077
2022-04-25 04:00:00+00:00,156.37,157.47,154.34999999999999,156.94,6714880,81890,156.15552400000001
2022-04-26 04:00:00+00:00,156.37,158.13,155.19999999999999,155.30000000000001,7119098,90359,156.03270800000001
2022-04-27 04:00:00+00:00,155.53,156.19999999999999,154.02000000000001,154.24000000000001,6483940,92740,154.96258499999999
2022-04-28 04:00:00+00:00,155.22999999999999,156.97999999999999,154.09999999999999,156.21000000000001,5618588,81860,155.87288899999999
2022-04-29 04:00:00+00:00,155.81,156.22,152.71000000000001,152.99000000000001,8358360,83063,153.64579499999999
2022-05-02 04:00:00+00:00,154.96000000000001,154.99000000000001,150.31999999999999,151.97999999999999,7527226,100646,152.196988
2022-05-03 04:00:00+00:00,152.43000000000001,154.27500000000001,151.78,152.50999999999999,7037123,73175,152.83739
2022-05-04 04:00:00+00:00,152.03,154.81999999999999,151.50999999999999,154.62,7570248,84743,153.54332500000001
2022-05-05 04:00:00+00:00,153.63999999999999,153.83000000000001,151.40000000000001,152.74000000000001,8982139,98240,152.50638799999999
2022-05-06 04:00:00+00:00,151.71000000000001,153.94999999999999,148.27000000000001,149.56,12277813,141396,150.49783199999999
2022-05-09 04:00:00+00:00,148.47,153.09999999999999,148.19,151.31,10512951,125831,151.34894
2022-05-10 04:00:00+00:00,151.43000000000001,152.28999999999999,148.56,149.18000000000001,8007920,108158,149.65772799999999
2022-05-11 04:00:00+00:00,149.40000000000001,150.75,146.91,147.62,9360246,118744,148.31747899999999
2022-05-12 04:00:00+00:00,147.86000000000001,150.15000000000001,146.52000000000001,147.47999999999999,9217269,116601,148.10154800000001
2022-05-13 04:00:00+00:00,147.71000000000001,148.38,146.13999999999999,148.05000000000001,7182044,98388,147.532398
2022-05-16 04:00:00+00:00,149.38,149.73179999999999,146.46000000000001,148.21000000000001,7888633,105299,148.14630500000001
2022-05-17 04:00:00+00:00,136.43000000000001,137.44,130.63999999999999,131.34999999999999,45892238,475263,133.38309699999999
2022-05-18 04:00:00+00:00,128.03,128.27000000000001,121.53,122.43000000000001,35183220,385494,123.912257
2022-05-19 04:00:00+00:00,120.87,121.7899,118.59999999999999,119.06999999999999,23986653,264554,119.86988599999999
2022-05-20 04:00:00+00:00,119.64,120.84,117.27,119.2,16718403,191104,118.864346
2022-05-23 04:00:00+00:00,119.92,123.77,119.86,122.59999999999999,15670299,169802,122.105028
2022-05-24 04:00:00+00:00,121.20999999999999,124.55,121.0804,124.13,12603494,135720,123.31651599999999
2022-05-25 04:00:00+00:00,124,124.67,122.59999999999999,123.37,9962226,119431,123.53064999999999
2022-05-26 04:00:00+00:00,125.3,126.40000000000001,124.40000000000001,126,10168479,116071,125.70922899999999
2022-05-27 04:00:00+00:00,125.48999999999999,128.62,125.31,128.47999999999999,9240240,113591,127.701002
2022-05-31 04:00:00+00:00,127.45999999999999,129.90000000000001,127.42,128.63,15317460,125306,128.72520700000001
2022-06-01 04:00:00+00:00,128.5,128.91999999999999,124.68000000000001,125.45,10313094,126807,125.91645800000001
2022-06-02 04:00:00+00:00,125.56999999999999,127.53,124.33,127.51000000000001,8308111,100270,126.229232
2022-06-03 04:00:00+00:00,126.67,127.42,125.09,125.31999999999999,6168173,89309,125.907642
2022-06-06 04:00:00+00:00,125.81999999999999,126.3,124.58499999999999,124.87,7410530,90008,125.025955
2022-06-07 04:00:00+00:00,121.23999999999999,123.48999999999999,120.87739999999999,123.37,16757566,206182,122.44527100000001
2022-06-08 04:00:00+00:00,122.34999999999999,123.91,121.95,122.3,8246487,91464,122.581063
2022-06-09 04:00:00+00:00,122,124.34999999999999,120.98999999999999,121.02,7267760,93204,122.139915
2022-06-10 04:00:00+00:00,119.75,122.73999999999999,119.34,121.7,9299636,114952,121.47510200000001
2022-06-13 04:00:00+00:00,119.73999999999999,121.23999999999999,119.09,119.41,9126553,121917,119.90108600000001
2022-06-14 04:00:00+00:00,119.13,120,118.17,119.45999999999999,8025109,107329,119.09077499999999
2022-06-15 04:00:00+00:00,119.97,120.41,117.9029,119.38,9460375,116144,119.19753900000001
2022-06-16 04:00:00+00:00,118.34999999999999,121.76000000000001,118.23,120.62,11233896,125443,120.30894000000001
2022-06-17 04:00:00+00:00,120.02,120.88,117.97,118.29000000000001,16444907,109122,118.795339
2022-06-21 04:00:00+00:00,118.3,122.78,118.22,122.17,9323085,97113,121.63431
2022-06-22 04:00:00+00:00,122.09999999999999,123.25,120.59,120.69,7795299,80632,121.37118700000001
2022-06-23 04:00:00+00:00,121.75,123.95999999999999,121.2,123.62,6095829,83847,123.20277299999999
2022-06-24 04:00:00+00:00,124.09,125.31,123.16,123.72,13130663,98950,123.89734900000001
2022-06-27 04:00:00+00:00,123.78,124.73999999999999,122.79000000000001,124.12,7406762,82208,123.74404199999999
2022-06-28 04:00:00+00:00,124.66,125.56999999999999,122.29000000000001,122.37,5691270,72586,123.41820800000001
2022-06-29 04:00:00+00:00,122.89,123.34999999999999,120.97,121.92,6900385,77753,122.044374
2022-06-30 04:00:00+00:00,120.88,122.06,119.89,121.58,7760671,74668,121.40174
2022-07-01 04:00:00+00:00,121.94,122.92,121.16,122.63,6480901,73791,122.125406
2022-07-05 04:00:00+00:00,122.20999999999999,124.51000000000001,121.61,124.25,7059912,82444,123.563022
2022-07-06 04:00:00+00:00,124.48,126.28,124.3,125.13,7764054,90623,125.40366299999999
2022-07-07 04:00:00+00:00,125.19,125.52500000000001,124.12,125.31999999999999,6708997,75519,125.057579
2022-07-08 04:00:00+00:00,125.81999999999999,126.61,125.15000000000001,125.40000000000001,5624218,64828,125.685864
2022-07-11 04:00:00+00:00,125.02,126.33,124.62,125.45,4255060,58921,125.283013
2022-07-12 04:00:00+00:00,125.11,127.13,124.72,125.06999999999999,5106457,66017,125.69235
2022-07-13 04:00:00+00:00,124.44,126.45999999999999,123.91,125.37,4706559,59144,125.32075500000001
2022-07-14 04:00:00+00:00,124.16,128.31999999999999,124.14,127.81999999999999,7561893,85581,126.918205
2022-07-15 04:00:00+00:00,128.80000000000001,130.27000000000001,128.05000000000001,129.06999999999999,8234193,84876,129.04436799999999
2022-07-18 04:00:00+00:00,128.65000000000001,130.30000000000001,128.25999999999999,128.77000000000001,5317880,64632,129.24181400000001
2022-07-19 04:00:00+00:00,129.38999999999999,129.96000000000001,128.59999999999999,129.56,6729515,61504,129.55731700000001
2022-07-20 04:00:00+00:00,130.50999999999999,131.31,129.5,130.63999999999999,7011627,79173,130.605884
2022-07-21 04:00:00+00:00,130.68000000000001,132.56,130.5,132.55000000000001,6967768,88215,132.01852
2022-07-22 04:00:00+00:00,132.53999999999999,133.38999999999999,131.23099999999999,132.21000000000001,5008902,65658,132.28454300000001
2022-07-25 04:00:00+00:00,132.38999999999999,132.69980000000001,131.45820000000001,132.02000000000001,7328403,86499,131.972013
2022-07-26 04:00:00+00:00,121.13,122.69,120.06,121.98,33484909,322412,121.417545
2022-07-27 04:00:00+00:00,121.23999999999999,126.765,121.02670000000001,126.59,15211593,168095,124.958116
2022-07-28 04:00:00+00:00,126.27,130.50999999999999,126.27,129.75,11823787,117889,129.176256
2022-07-29 04:00:00+00:00,128.31999999999999,132.26499999999999,128.01249999999999,132.05000000000001,11820919,105168,131.29594599999999
2022-08-01 04:00:00+00:00,131.06,134.22999999999999,131,132.53999999999999,9213250,96676,132.82068000000001
2022-08-02 04:00:00+00:00,133.15000000000001,133.71000000000001,131.40000000000001,132.68000000000001,7652728,84660,132.787927
2022-08-03 04:00:00+00:00,132.16,132.94,129.86000000000001,130.5,11809959,119730,130.99925500000001
2022-08-04 04:00:00+00:00,130.66999999999999,130.80000000000001,125.33,125.56999999999999,19371610,194268,126.83598000000001
2022-08-05 04:00:00+00:00,125.51000000000001,126.81,125.12,126.58,11570932,114690,125.959497
2022-08-08 04:00:00+00:00,126.65000000000001,128.21250000000001,126.61,127.61,6974413,78422,127.45328000000001
2022-08-09 04:00:00+00:00,127.89,128.97,127.20999999999999,128.87,7438846,76252,128.33478600000001
2022-08-10 04:00:00+00:00,130,130.14500000000001,128.38999999999999,129.13999999999999,9131968,90958,129.034763
2022-08-11 04:00:00+00:00,129.69999999999999,130.37,128.59999999999999,129.81999999999999,8910208,87470,129.71048300000001
2022-08-12 04:00:00+00:00,130,132.84,129.81999999999999,132.22,9869861,94647,131.42092600000001
2022-08-15 04:00:00+00:00,131.63,133.56999999999999,131.35669999999999,132.59999999999999,9426712,115814,132.68975599999999
2022-08-16 04:00:00+00:00,138.90000000000001,140.93000000000001,138.19,139.37,31776130,278929,139.79470599999999
2022-08-17 04:00:00+00:00,138.56999999999999,142.72,138.40000000000001,139.52000000000001,14643427,167025,140.65696500000001
2022-08-18 04:00:00+00:00,139.53,140.41999999999999,138.5,139.06999999999999,6968324,90725,139.13561300000001
2022-08-19 04:00:00+00:00,138.91999999999999,139.06999999999999,136.91,137.02000000000001,9056960,88683,137.52235200000001
2022-08-22 04:00:00+00:00,136.19999999999999,136.7199,134.44,134.56999999999999,6792239,87793,135.216916
2022-08-23 04:00:00+00:00,134.61000000000001,134.96000000000001,133.21000000000001,134,6329768,77780,134.03545500000001
2022-08-24 04:00:00+00:00,134.34999999999999,135.29499999999999,133.59999999999999,134.97,5798523,71952,134.81855899999999
2022-08-25 04:00:00+00:00,135.28,135.99000000000001,135.03,135.87,7278858,84253,135.66877500000001
2022-08-26 04:00:00+00:00,136.11000000000001,136.83000000000001,131.51499999999999,131.59999999999999,7940820,93218,132.931735
2022-08-29 04:00:00+00:00,130.83000000000001,133.86500000000001,130.59,132.88,6552091,80180,132.69825499999999
2022-08-30 04:00:00+00:00,133.34,133.65000000000001,131.74000000000001,132.47999999999999,5365736,76485,132.64827700000001
2022-08-31 04:00:00+00:00,132.78,133.78999999999999,131.93000000000001,132.55000000000001,8845838,94718,132.68349599999999
2022-09-01 04:00:00+00:00,132.53999999999999,135.13999999999999,132.40000000000001,134.47999999999999,8196612,100106,134.23835700000001
2022-09-02 04:00:00+00:00,134.84999999999999,135.66999999999999,132.43000000000001,133,6477643,88786,133.79543000000001
2022-09-06 04:00:00+00:00,133.05000000000001,133.62,130.72,132.34,8365105,102337,132.27631299999999
2022-09-07 04:00:00+00:00,133.06,135.965,132.74000000000001,135.74000000000001,6433565,83490,135.04855800000001
2022-09-08 04:00:00+00:00,135.40000000000001,136.87,134.88,136.43000000000001,6532200,80584,136.11558600000001
2022-09-09 04:00:00+00:00,136.30000000000001,137.5,136.13,136.84,5832557,74212,136.778335
2022-09-12 04:00:00+00:00,137.08000000000001,138.249,136.965,138.06999999999999,5421973,75385,137.834552
2022-09-13 04:00:00+00:00,136.86000000000001,137.94999999999999,134.81,135.22,6649116,86033,136.08017599999999
2022-09-14 04:00:00+00:00,135.63,136.53,134.09999999999999,134.91999999999999,7636333,77853,135.15261599999999
2022-09-15 04:00:00+00:00,135.09999999999999,135.15000000000001,132.97,133.47,8018522,83229,133.65294900000001
2022-09-16 04:00:00+00:00,132,134.55000000000001,131.28,133.19,20888703,98863,133.099853
2022-09-19 04:00:00+00:00,132.81999999999999,134.75999999999999,132.47,134.33000000000001,6619029,75899,133.92682199999999
2022-09-20 04:00:00+00:00,133.47999999999999,133.88,132.535,133.55000000000001,5337755,71355,133.344483
2022-09-21 04:00:00+00:00,135.44,137.44999999999999,134.62,134.77000000000001,9009994,117263,135.88778199999999
2022-09-22 04:00:00+00:00,134.56999999999999,134.72,132.84,133.38999999999999,6109095,90278,133.62441999999999
2022-09-23 04:00:00+00:00,132.87,133.17500000000001,128.77000000000001,130.06,9864889,132274,130.487843
2022-09-26 04:00:00+00:00,128.75,132.13999999999999,128.27000000000001,131.31,8428206,116756,130.77789100000001
2022-09-27 04:00:00+00:00,132.22999999999999,133.43000000000001,130.30350000000001,130.94999999999999,6281245,85066,131.258725
2022-09-28 04:00:00+00:00,131.41,133.65000000000001,129.72,133.11000000000001,6331480,87602,132.415516
2022-09-29 04:00:00+00:00,133.5,134.12,131.63,132.25,5778576,78703,132.450256
2022-09-30 04:00:00+00:00,132.24000000000001,132.36000000000001,129.69999999999999,129.69999999999999,7921665,83401,130.305914
2022-10-03 04:00:00+00:00,130.24000000000001,132.78999999999999,130.00999999999999,132.53,6608586,87364,132.04042100000001
2022-10-04 04:00:00+00:00,133.86000000000001,135.19999999999999,133.37,134.25,6012337,81692,134.24139500000001
2022-10-05 04:00:00+00:00,133.75999999999999,134.62,132.50999999999999,132.91999999999999,5443941,73811,133.136166
2022-10-06 04:00:00+00:00,133.08000000000001,134.47999999999999,131.58000000000001,131.68000000000001,5220131,70877,132.56466599999999
2022-10-07 04:00:00+00:00,131.31,131.65000000000001,128.06999999999999,128.56,6565611,83252,129.096915
2022-10-10 04:00:00+00:00,129.53,129.93000000000001,128.2817,129.31999999999999,4306025,63311,129.25760299999999
2022-10-11 04:00:00+00:00,129.50999999999999,133.80000000000001,129.45500000000001,132.66999999999999,7909644,94694,132.37241299999999
2022-10-12 04:00:00+00:00,133.00999999999999,134.76929999999999,130.97,131.16999999999999,6297452,82013,132.17635300000001
2022-10-13 04:00:00+00:00,129.28,132.94,128.37,132.28,7447475,102766,131.023687
2022-10-14 04:00:00+00:00,132.44,133.22,130.05000000000001,130.43000000000001,6321440,78235,130.95690999999999
2022-10-17 04:00:00+00:00,130.96000000000001,132.82509999999999,130.58500000000001,131.37,6748344,74917,131.841263
2022-10-18 04:00:00+00:00,133.43000000000001,135.09999999999999,133.33000000000001,134.13999999999999,6195218,76338,134.02538000000001
2022-10-19 04:00:00+00:00,134.33000000000001,134.73240000000001,132.97,133.75999999999999,4308482,56724,133.82092399999999
2022-10-20 04:00:00+00:00,133.97999999999999,135.40000000000001,133.64500000000001,134.09,4763374,58909,134.407578
2022-10-21 04:00:00+00:00,134.81,137.41,134,136.80000000000001,7173626,73605,136.26249100000001
2022-10-24 04:00:00+00:00,137.44999999999999,140.47499999999999,137.13,139.41,7032777,87414,139.306116
2022-10-25 04:00:00+00:00,139.09,140.44,138.31999999999999,140.06999999999999,5801297,75641,139.731314
2022-10-26 04:00:00+00:00,140.36000000000001,142.03999999999999,139.81999999999999,141.13999999999999,8116846,88618,141.04479499999999
2022-10-27 04:00:00+00:00,141.00999999999999,142.09999999999999,140.29499999999999,140.72999999999999,6241233,81645,141.08833200000001
2022-10-28 04:00:00+00:00,140.05000000000001,142.90000000000001,140.03999999999999,142.50999999999999,5342003,69242,142.17881600000001
2022-10-31 04:00:00+00:00,142.34,143.06999999999999,141.77000000000001,142.33000000000001,9157463,84748,142.40725499999999
2022-11-01 04:00:00+00:00,142.97,143.55000000000001,141.5,141.69,5638163,74494,142.04028199999999
2022-11-02 04:00:00+00:00,141.16,143.565,140.69999999999999,140.75,5838695,84349,141.459836
2022-11-03 04:00:00+00:00,139.50999999999999,141.71469999999999,139.08000000000001,140.72,4102738,64884,140.79721599999999
2022-11-04 04:00:00+00:00,142.03,142.21000000000001,138.79499999999999,140.97,5441766,76542,140.70009899999999
2022-11-07 05:00:00+00:00,141.25999999999999,142.96899999999999,141.25999999999999,142.44999999999999,3788036,61974,142.16066499999999
2022-11-08 05:00:00+00:00,142.58000000000001,144.07499999999999,141.50999999999999,142.78999999999999,5022837,76957,143.00590399999999
2022-11-09 05:00:00+00:00,142.75999999999999,143.16,139.21000000000001,139.47,5310723,81037,140.35575399999999
2022-11-10 05:00:00+00:00,142.50999999999999,142.69,140.5,142.36000000000001,6770204,103527,141.92004499999999
2022-11-11 05:00:00+00:00,142.66999999999999,143.12,139.99000000000001,142.58000000000001,6419119,97981,141.676163
2022-11-14 05:00:00+00:00,141.63999999999999,143.31999999999999,138.27000000000001,138.38999999999999,12508636,152975,140.39274399999999
2022-11-15 05:00:00+00:00,145.61000000000001,150.27000000000001,144.55000000000001,147.44,25516226,278215,148.14121299999999
2022-11-16 05:00:00+00:00,147.88,150.19999999999999,147.12,148.5,10864412,142572,148.585948
2022-11-17 05:00:00+00:00,147.00999999999999,148.72999999999999,146.71000000000001,148,8265936,115601,148.02127100000001
2022-11-18 05:00:00+00:00,149.66999999999999,150.24000000000001,148.77000000000001,150.22999999999999,6324195,83396,149.67266000000001
2022-11-21 05:00:00+00:00,150.61000000000001,152.13999999999999,150.19,151.15000000000001,7052359,109843,151.16143400000001
2022-11-22 05:00:00+00:00,152,152.44990000000001,151.12,151.69,5632847,83845,151.80071799999999
2022-11-23 05:00:00+00:00,152.08000000000001,153.36500000000001,151.88,152.41999999999999,5640225,83636,152.56998899999999
2022-11-25 05:00:00+00:00,152.12,153.09,151.86269999999999,153.06999999999999,2925807,50095,152.421279
2022-11-28 05:00:00+00:00,152.72,154.63999999999999,152.72,153.50999999999999,5893321,99376,153.55809600000001
2022-11-29 05:00:00+00:00,153.03,153.71000000000001,152.55000000000001,152.97,4614051,71082,153.050276
2022-11-30 05:00:00+00:00,152.61000000000001,152.77000000000001,151.19999999999999,152.41999999999999,10445985,106704,152.21518699999999
2022-12-01 05:00:00+00:00,152.05000000000001,153.61000000000001,150.72999999999999,153.37,7577389,104980,152.384928
2022-12-02 05:00:00+00:00,151.47999999999999,153.23500000000001,151.47999999999999,153.22,6910554,80980,152.597185
2022-12-05 05:00:00+00:00,152.75,153,150.50999999999999,151.65000000000001,7869423,89985,151.436519
2022-12-06 05:00:00+00:00,151.19999999999999,151.905,149.21000000000001,149.88999999999999,6875202,89368,150.09277299999999
2022-12-07 05:00:00+00:00,150.5,151.21000000000001,148.81999999999999,149.11000000000001,5850070,77330,149.62747400000001
2022-12-08 05:00:00+00:00,149.16,149.27500000000001,148.13999999999999,148.78,4504214,76348,148.735071
2022-12-09 05:00:00+00:00,147.47,147.715,145.22,145.31,9308555,110847,146.44441
2022-12-12 05:00:00+00:00,145.90000000000001,148.09999999999999,145.56,148.02000000000001,6477443,94284,147.37858600000001
2022-12-13 05:00:00+00:00,150,150.19999999999999,146.74000000000001,147.49000000000001,7802889,98639,147.67435499999999
2022-12-14 05:00:00+00:00,147.09,148.53,145.96000000000001,146.66999999999999,6778208,85563,147.11863
2022-12-15 05:00:00+00:00,145.58000000000001,146.41999999999999,143.63,145.36000000000001,5839323,90026,144.87035900000001
2022-12-16 05:00:00+00:00,144.47999999999999,144.72,142.56999999999999,142.75,13447138,105236,143.18813299999999
2022-12-19 05:00:00+00:00,143.00999999999999,143.56,141.72730000000001,142.80000000000001,5022485,74293,142.594899
2022-12-20 05:00:00+00:00,142.91999999999999,144.63999999999999,142.25,144.05000000000001,5669767,77695,143.92170999999999
2022-12-21 05:00:00+00:00,144.31999999999999,145.94,144.25999999999999,145.18000000000001,4575507,68536,145.191892
2022-12-22 05:00:00+00:00,144.77000000000001,144.97999999999999,141.93000000000001,143.47999999999999,4362066,72155,143.08624499999999
2022-12-23 05:00:00+00:00,143.05000000000001,143.80000000000001,142.28,143.77000000000001,3182454,53929,143.388059
2022-12-27 05:00:00+00:00,144.03999999999999,144.44999999999999,143.19,143.81,3348406,63358,143.86221699999999
2022-12-28 05:00:00+00:00,143.47,143.66999999999999,140.91,141.28999999999999,5082062,71285,141.88103100000001
2022-12-29 05:00:00+00:00,142.13999999999999,143.02000000000001,141.75,142.15000000000001,3057412,52685,142.43355700000001
2022-12-30 05:00:00+00:00,141.56,141.99250000000001,140.81,141.78999999999999,3834820,57457,141.53268399999999
2023-01-03 05:00:00+00:00,142.55000000000001,143.71000000000001,142.09,143.59999999999999,5749895,93339,143.092602
2023-01-04 05:00:00+00:00,143.41999999999999,144.05000000000001,142.06999999999999,143.75999999999999,4446303,70023,143.34384299999999
2023-01-05 05:00:00+00:00,143.46000000000001,144.13,142.65000000000001,143.27000000000001,4424807,64290,143.37149299999999
2023-01-06 05:00:00+00:00,144.59999999999999,147.55000000000001,144.24000000000001,146.78,7076193,91668,146.59660700000001
2023-01-09 05:00:00+00:00,146.31999999999999,147.86000000000001,144.80000000000001,144.94999999999999,5918873,86644,145.877534
2023-01-10 05:00:00+00:00,144.94,145.44999999999999,143.72999999999999,144.86000000000001,3990219,64032,144.57876099999999
2023-01-11 05:00:00+00:00,145.74000000000001,146.18000000000001,144.72999999999999,146.13,4944866,72911,145.614699
2023-01-12 05:00:00+00:00,146.41,146.41999999999999,144.38999999999999,144.81,4157593,63847,145.09310500000001
2023-01-13 05:00:00+00:00,145.53,145.81999999999999,143.86009999999999,145.28999999999999,4566548,62700,144.810091
2023-01-17 05:00:00+00:00,145.28999999999999,145.71000000000001,144.19499999999999,144.41,5040811,75333,144.67118500000001
2023-01-18 05:00:00+00:00,144.19999999999999,144.25,140.47499999999999,140.84,7558141,98718,141.768258
2023-01-19 05:00:00+00:00,141.38999999999999,141.52500000000001,138.78999999999999,138.83000000000001,5780700,84620,139.644194
2023-01-20 05:00:00+00:00,139.40000000000001,140.78,138.16999999999999,140.53999999999999,9797364,78031,140.03780800000001
2023-01-23 05:00:00+00:00,140.46000000000001,143.00999999999999,140.19999999999999,142.63999999999999,4383271,75949,142.29131599999999
2023-01-24 05:00:00+00:00,146.55000000000001,159.88,141,143.02000000000001,4556450,76801,142.80354600000001
2023-01-25 05:00:00+00:00,142.24000000000001,142.83500000000001,140.38999999999999,142.34,4163912,63456,141.81222500000001
2023-01-26 05:00:00+00:00,143.03,143.75,141.75999999999999,142.21000000000001,5273032,69369,142.47590400000001
2023-01-27 05:00:00+00:00,142.59999999999999,144.47,141.75,143.30000000000001,6135899,77357,143.44660999999999
2023-01-30 05:00:00+00:00,142.12,142.44999999999999,141.27000000000001,142.15000000000001,5299156,81533,141.87704199999999
2023-01-31 05:00:00+00:00,142.31999999999999,143.88,141.66,143.87,4701157,61879,143.00598500000001
2023-02-01 05:00:00+00:00,143.66,145.61000000000001,142.69999999999999,144.66999999999999,4283059,66444,144.245057
2023-02-02 05:00:00+00:00,144.41,144.86000000000001,142.93559999999999,143.62,5935591,91301,143.80114900000001
2023-02-03 05:00:00+00:00,143.36000000000001,143.96000000000001,140.86000000000001,141.71000000000001,5716783,77234,141.69447299999999
2023-02-06 05:00:00+00:00,141.81999999999999,142.09999999999999,140.03,140.68000000000001,5817971,82672,140.56734700000001
2023-02-07 05:00:00+00:00,139.77000000000001,141.30000000000001,138.69,140.97999999999999,5447116,76956,140.09263799999999
2023-02-08 05:00:00+00:00,140.33000000000001,141.09999999999999,139.98500000000001,140.22,3897058,60981,140.40809999999999
2023-02-09 05:00:00+00:00,140.87,141.94,140.56800000000001,141.52000000000001,4354979,60743,141.33023700000001
2023-02-10 05:00:00+00:00,143.09,143.94,142.16999999999999,143.72,5000013,75894,143.33613800000001
2023-02-13 05:00:00+00:00,144.71000000000001,146.12,144.50999999999999,145.91,5338635,85851,145.59578099999999
2023-02-14 05:00:00+00:00,145.72999999999999,147.13069999999999,144.56,145.49000000000001,4610630,75263,145.66478699999999
2023-02-15 05:00:00+00:00,144.96000000000001,146.59999999999999,144.56,146.56999999999999,4892684,80791,145.82802699999999
2023-02-16 05:00:00+00:00,145.47999999999999,145.99000000000001,144.18000000000001,144.27000000000001,5437386,86888,144.860715
2023-02-17 05:00:00+00:00,145.11000000000001,146.69,144.56999999999999,146.44,8250429,100355,145.868033
2023-02-21 05:00:00+00:00,142.88,148.34,142.15000000000001,147.33000000000001,18131279,209570,146.65498199999999
2023-02-22 05:00:00+00:00,146.77000000000001,147.56999999999999,142.75999999999999,144.24000000000001,9947984,134338,144.38428400000001
2023-02-23 05:00:00+00:00,144.37,144.37,140.71000000000001,142.09,7340419,107193,142.103408
2023-02-24 05:00:00+00:00,140.84,142.74000000000001,139.53,142.47,6871104,90848,141.58785499999999
2023-02-27 05:00:00+00:00,142.71000000000001,143.09,140.66,141.44,5549099,86907,141.778526
2023-02-28 05:00:00+00:00,141,142.65000000000001,140.94999999999999,142.13,6018036,84392,142.14452800000001
2023-03-01 05:00:00+00:00,141.06,141.28,139.37010000000001,140.15000000000001,4726732,72104,140.11243899999999
2023-03-02 05:00:00+00:00,139.84,140.74000000000001,139.5,140.5,4929515,70751,140.40473299999999
2023-03-03 05:00:00+00:00,141.03999999999999,141.19,139.77000000000001,140.66999999999999,5627637,77124,140.479096
2023-03-06 05:00:00+00:00,140.5,140.97999999999999,140.02000000000001,140.65000000000001,5573612,67367,140.624347
2023-03-07 05:00:00+00:00,141.18000000000001,141.68000000000001,138.78999999999999,139.25,5795838,87858,139.606347
2023-03-08 05:00:00+00:00,138.56,138.91999999999999,137.28,138.09999999999999,6363574,81805,138.06527800000001
2023-03-09 05:00:00+00:00,138.83000000000001,138.97999999999999,136.91999999999999,137.16999999999999,5138563,70549,137.74735699999999
2023-03-10 05:00:00+00:00,137.02000000000001,138.28,136.09,136.97,6686271,95797,137.09701699999999
2023-03-13 04:00:00+00:00,136.68000000000001,138.5,136.58000000000001,137.37,8541784,94512,137.746286
2023-03-14 04:00:00+00:00,137.69,138.27000000000001,137,138.09999999999999,8514220,101244,137.85812000000001
2023-03-15 04:00:00+00:00,136.88999999999999,139.81,136.71000000000001,139.63999999999999,11044539,116712,138.72024999999999
2023-03-16 04:00:00+00:00,139.43000000000001,139.65000000000001,137.88,138.28,9637470,106462,138.64647099999999
2023-03-17 04:00:00+00:00,138.19,139.49000000000001,137.59,139.40000000000001,14357346,106505,138.75744800000001
2023-03-20 04:00:00+00:00,140.09999999999999,141.91999999999999,139.81,140.90000000000001,11309529,126840,140.70175800000001
2023-03-21 04:00:00+00:00,141.38999999999999,141.38999999999999,139.53,140.41999999999999,6337780,72863,140.347173
2023-03-22 04:00:00+00:00,140.63999999999999,141.22,139.46000000000001,139.52000000000001,6182807,72391,140.24683999999999
2023-03-23 04:00:00+00:00,140.19999999999999,141.61000000000001,139.49000000000001,140.65000000000001,7348067,98327,140.66995
2023-03-24 04:00:00+00:00,141.00999999999999,142.47,140.59999999999999,141.80000000000001,7584082,88178,141.933122
2023-03-27 04:00:00+00:00,142.78999999999999,144.97499999999999,142.78,144.16999999999999,8925172,100790,144.158919
2023-03-28 04:00:00+00:00,143.65000000000001,144.41,143.05000000000001,143.61000000000001,7094282,90786,143.78348700000001
2023-03-29 04:00:00+00:00,144.37,144.96000000000001,143.44999999999999,144.22999999999999,8072466,78958,144.136055
2023-03-30 04:00:00+00:00,145.5,146.59999999999999,145.02000000000001,145.66999999999999,7292999,79197,145.507171
2023-03-31 04:00:00+00:00,146.58000000000001,148.44,146.47,147.44999999999999,6954411,80428,147.41631599999999
2023-04-03 04:00:00+00:00,147.72999999999999,148.94999999999999,147.5,148.69,6588882,81099,148.53946999999999
2023-04-04 04:00:00+00:00,148.53,148.78999999999999,147.02000000000001,147.22999999999999,6037887,79768,147.56035600000001
2023-04-05 04:00:00+00:00,147.16999999999999,149.88,147.13999999999999,149.66999999999999,8846897,115057,149.30893900000001
2023-04-06 04:00:00+00:00,148.80000000000001,151.0376,148.52000000000001,150.80000000000001,5963871,82782,150.30037899999999
2023-04-10 04:00:00+00:00,150.36000000000001,151.12,149.77000000000001,150.50999999999999,4839699,72038,150.47741199999999
2023-04-11 04:00:00+00:00,151,151,149.62,150.06999999999999,6123476,71526,150.28295199999999
2023-04-12 04:00:00+00:00,149.78999999999999,150.97,149.16999999999999,149.34,3736566,57013,149.926625
2023-04-13 04:00:00+00:00,149.65000000000001,150,148.19999999999999,149.49000000000001,4424230,63188,149.19679600000001
2023-04-14 04:00:00+00:00,149.03,149.88999999999999,148.14500000000001,148.47999999999999,3488269,56297,148.63407699999999
2023-04-17 04:00:00+00:00,148.63999999999999,149.66999999999999,148.5,149.52000000000001,5388936,62861,149.222262
2023-04-18 04:00:00+00:00,149.78,150.34,149.44,149.84999999999999,4494317,65814,149.93057099999999
2023-04-19 04:00:00+00:00,150.84,151.41,149.77000000000001,150.00999999999999,4144515,60620,150.28846899999999
2023-04-20 04:00:00+00:00,150.21000000000001,151.38999999999999,149.59999999999999,150.97,4547325,63068,150.72163800000001
2023-04-21 04:00:00+00:00,151.96000000000001,152.30000000000001,151.17500000000001,151.72999999999999,8444907,69160,151.695505
2023-04-24 04:00:00+00:00,151.71000000000001,152.94999999999999,151.71000000000001,152.75999999999999,4526502,63523,152.49553599999999
2023-04-25 04:00:00+00:00,153.28999999999999,153.75,151.33000000000001,151.56999999999999,5748866,76236,152.107088
2023-04-26 04:00:00+00:00,150.97999999999999,151.41,150.22,150.91,4303410,63231,150.764084
2023-04-27 04:00:00+00:00,150.78,151.94,150.78,151.38,4286990,61204,151.379705
2023-04-28 04:00:00+00:00,151.28999999999999,152.16999999999999,150.18000000000001,150.97,4693918,56813,150.88155499999999
2023-05-01 04:00:00+00:00,151.03999999999999,152.53999999999999,150.93000000000001,151.59,3803383,59724,151.77510899999999
2023-05-02 04:00:00+00:00,151.47,151.49000000000001,149.46000000000001,151.18000000000001,3776718,63072,150.702528
2023-05-03 04:00:00+00:00,151.56,152.09999999999999,150.27000000000001,150.62,4111451,65059,150.90464
2023-05-04 04:00:00+00:00,150.55000000000001,150.99000000000001,149.49000000000001,150.47,4670446,61263,150.30360999999999
2023-05-05 04:00:00+00:00,150.30000000000001,152.00999999999999,149.83000000000001,151.77000000000001,4850012,66811,151.61092600000001
2023-05-08 04:00:00+00:00,151.27000000000001,152.94999999999999,151.06,152.72,4975566,63633,152.36998299999999
2023-05-09 04:00:00+00:00,152.72,153.18000000000001,152.34,152.97999999999999,5069914,61090,152.88546400000001
2023-05-10 04:00:00+00:00,153.69,154.34999999999999,151.22999999999999,152.55000000000001,5275868,71054,152.375508
2023-05-11 04:00:00+00:00,152.55000000000001,153.27000000000001,152,153.12,3975620,59092,152.91043199999999
2023-05-12 04:00:00+00:00,153.59999999999999,154.06999999999999,152.71000000000001,153.06999999999999,5371764,71736,153.21401499999999
2023-05-15 04:00:00+00:00,153.5,153.84999999999999,151.38,151.88,5371343,76207,152.13755800000001
2023-05-16 04:00:00+00:00,150.84999999999999,151.53,149.5728,149.78,5180003,80362,150.36336600000001
2023-05-17 04:00:00+00:00,151.13999999999999,151.15000000000001,148.71000000000001,149.53,8995312,116679,149.58781300000001
2023-05-18 04:00:00+00:00,151.80000000000001,154.28999999999999,149.94999999999999,151.47,15589523,187541,151.77427399999999
2023-05-19 04:00:00+00:00,151.40000000000001,151.46000000000001,149.11199999999999,149.91,9195558,101912,149.95063300000001
2023-05-22 04:00:00+00:00,149.69999999999999,150.08000000000001,148.285,148.59,5372598,78522,148.753806
2023-05-23 04:00:00+00:00,148.00999999999999,148.85980000000001,147.08000000000001,148.31,5434078,75796,148.20410200000001
2023-05-24 04:00:00+00:00,148.50999999999999,148.53999999999999,146.30000000000001,147.63,6838383,84252,147.338773
2023-05-25 04:00:00+00:00,146.88,147.44,145.09,146.16,7099914,84057,146.04858999999999
2023-05-26 04:00:00+00:00,145.69999999999999,146.815,145.47,146.41999999999999,5239242,72649,146.384873
2023-05-30 04:00:00+00:00,146.30000000000001,147.28999999999999,145.59999999999999,146.06,5247532,85506,146.342569
2023-05-31 04:00:00+00:00,145.41999999999999,147.31,145.00999999999999,146.87,10043600,86182,146.68843100000001
2023-06-01 04:00:00+00:00,146.21000000000001,147.90000000000001,145.94,147.41,6746631,90767,147.06116399999999
2023-06-02 04:00:00+00:00,147.22,149.01499999999999,147.09999999999999,148.81999999999999,6392748,83920,148.57584600000001
2023-06-05 04:00:00+00:00,149.37,151.25,149.19,149.80000000000001,5685315,83336,150.060351
2023-06-06 04:00:00+00:00,149.69999999999999,150.19,148.50999999999999,149.78,5005228,75859,149.41376399999999
2023-06-07 04:00:00+00:00,149.25,150.36000000000001,149.03999999999999,150,8085547,104584,149.84670399999999
2023-06-08 04:00:00+00:00,150.38999999999999,152.43000000000001,149.78999999999999,152.16999999999999,6291773,98336,151.32838599999999
2023-06-09 04:00:00+00:00,152.16,153.72,151.59999999999999,153.09,5201869,71937,152.995407
2023-06-12 04:00:00+00:00,153.43000000000001,154.30000000000001,153.16499999999999,154.09999999999999,4905224,75678,153.90396799999999
2023-06-13 04:00:00+00:00,154.52000000000001,155.50999999999999,154.06999999999999,155.30000000000001,5246296,75003,154.99669700000001
2023-06-14 04:00:00+00:00,155.91,157.33000000000001,155.61000000000001,156.87,7034374,87974,156.79822100000001
2023-06-15 04:00:00+00:00,157,158.22999999999999,156.97999999999999,157.72999999999999,6053453,79267,157.731425
2023-06-16 04:00:00+00:00,158.08000000000001,158.15000000000001,155.28,155.53,11558584,90523,156.32429500000001
2023-06-20 04:00:00+00:00,154.69999999999999,155.44999999999999,153.88,154.16,6669257,79953,154.360546
2023-06-21 04:00:00+00:00,154.21000000000001,155.33500000000001,153.36000000000001,154.46000000000001,6417144,65583,154.53754599999999
2023-06-22 04:00:00+00:00,154.97999999999999,156.08000000000001,154.47999999999999,155.75,4435902,63833,155.68939399999999
2023-06-23 04:00:00+00:00,155.88,156.28999999999999,155.02000000000001,155.46000000000001,6325000,68448,155.52388300000001
2023-06-26 04:00:00+00:00,155.65000000000001,155.78,154.31999999999999,155.05000000000001,4702140,66437,155.03512499999999
2023-06-27 04:00:00+00:00,154.15000000000001,155.84999999999999,154.06,154.49000000000001,4031192,58692,154.78197
2023-06-28 04:00:00+00:00,154.72999999999999,155.68000000000001,154.63499999999999,155.33000000000001,6296632,76962,155.284232
2023-06-29 04:00:00+00:00,154.50999999999999,154.75,153.13999999999999,154.28,7176760,81802,153.99187000000001
2023-06-30 04:00:00+00:00,154.97,157.53,154.78,157.18000000000001,6253174,78848,156.79408799999999
2023-07-03 04:00:00+00:00,156.81,158.44,156.33000000000001,158.19999999999999,2862188,43975,157.93457599999999
2023-07-05 04:00:00+00:00,158.16,159.12,157.34,158.11000000000001,5861933,73991,158.12319400000001
2023-07-06 04:00:00+00:00,157.93000000000001,158.18000000000001,156.87,157.11000000000001,4809229,62470,157.26755399999999
2023-07-07 04:00:00+00:00,155.81,156.28999999999999,153.44999999999999,153.49000000000001,6591571,85708,154.22775300000001
2023-07-10 04:00:00+00:00,154.56,155.5,154.31999999999999,154.88,4334564,65549,154.94287499999999
2023-07-11 04:00:00+00:00,154.77000000000001,155.50999999999999,153.86000000000001,154.65000000000001,3821061,61520,154.487796
2023-07-12 04:00:00+00:00,155.31,155.88999999999999,154.81999999999999,155.03999999999999,5503322,67373,155.21370200000001
2023-07-13 04:00:00+00:00,155.43000000000001,155.59999999999999,153.69,154.13,3953218,65626,154.358847
2023-07-14 04:00:00+00:00,154.12,154.66999999999999,153.58000000000001,154.66,3475824,55376,154.35435000000001
2023-07-17 04:00:00+00:00,154.40000000000001,154.97999999999999,153.81999999999999,154.84999999999999,3378615,55372,154.660867
2023-07-18 04:00:00+00:00,154.66999999999999,155.66,153.86000000000001,154.56999999999999,4480068,66236,154.69987
2023-07-19 04:00:00+00:00,154.80000000000001,155.19999999999999,153.75,154.62,4124277,65877,154.36353800000001
2023-07-20 04:00:00+00:00,154.93000000000001,157.55000000000001,154.90000000000001,157.47999999999999,4995937,75572,156.798474
2023-07-21 04:00:00+00:00,157.90000000000001,158.78,157.44,158.37,5653465,78065,158.39172600000001
2023-07-24 04:00:00+00:00,158.44999999999999,159.47999999999999,157.56,159.30000000000001,4176625,68061,158.98530600000001
2023-07-25 04:00:00+00:00,160.46000000000001,160.51499999999999,158.28,159.16999999999999,5184641,72346,159.18371200000001
2023-07-26 04:00:00+00:00,159.24000000000001,160.69,158.93620000000001,159.74000000000001,5031361,69281,159.794905
2023-07-27 04:00:00+00:00,160.08000000000001,160.63999999999999,159.13,159.16,4466769,62290,159.54934800000001
2023-07-28 04:00:00+00:00,159.28999999999999,160.94,159.28999999999999,159.91,3673956,57967,160.13908900000001
2023-07-31 04:00:00+00:00,159.96000000000001,160.63999999999999,158.91,159.86000000000001,4344991,58923,159.635975
2023-08-01 04:00:00+00:00,159.94999999999999,160.44999999999999,158.96000000000001,159.11000000000001,3927847,58763,159.46532400000001
2023-08-02 04:00:00+00:00,158.53,160.43000000000001,158.53,159.22,4220661,65868,159.404211
2023-08-03 04:00:00+00:00,159.02000000000001,159.49809999999999,158.51499999999999,159.25999999999999,4401345,63715,159.11812800000001
2023-08-04 04:00:00+00:00,159.75999999999999,160.25,157.96000000000001,158.34,4754367,66444,158.768136
2023-08-07 04:00:00+00:00,159.5,161.21000000000001,159.11000000000001,160.49000000000001,4756539,70361,160.53349
2023-08-08 04:00:00+00:00,160.99000000000001,161.62,159.50999999999999,160.65000000000001,3672707,64603,160.42018100000001
2023-08-09 04:00:00+00:00,160.91,162.09999999999999,160.71000000000001,160.91,4403206,70298,161.22035399999999
2023-08-10 04:00:00+00:00,160.78999999999999,161.75,160.03,160.25999999999999,5056497,69700,160.62661399999999
2023-08-11 04:00:00+00:00,160.55000000000001,161.83000000000001,160.09999999999999,161.19999999999999,4731736,76914,161.30838
2023-08-14 04:00:00+00:00,162,162.78,159.18000000000001,160,6937890,94989,160.345687
2023-08-15 04:00:00+00:00,159.53999999999999,160.78999999999999,158.91999999999999,159.18000000000001,4853150,73814,159.42191700000001
2023-08-16 04:00:00+00:00,159.88,160.97,158.37,159.25999999999999,8993648,119837,159.232878
2023-08-17 04:00:00+00:00,160.90000000000001,161.13999999999999,155.02000000000001,155.69,17871435,208593,157.351876
2023-08-18 04:00:00+00:00,155.31,159.66999999999999,155.31,157.93000000000001,9318264,127950,157.95056400000001
2023-08-21 04:00:00+00:00,157.63,158.84,157.03999999999999,157.50999999999999,5226424,81137,157.68464900000001
2023-08-22 04:00:00+00:00,156.97,157.31,156.24000000000001,157.00999999999999,5557505,85473,156.76922200000001
2023-08-23 04:00:00+00:00,156.61000000000001,158.40000000000001,156.50999999999999,158.09999999999999,4736785,76662,157.757037
2023-08-24 04:00:00+00:00,158.13,159.22999999999999,156.81999999999999,156.88999999999999,4677699,69081,157.63770700000001
2023-08-25 04:00:00+00:00,157.18000000000001,158.03999999999999,156.53999999999999,157.81999999999999,4089137,69291,157.522764
2023-08-28 04:00:00+00:00,157.86000000000001,158.83000000000001,157.86000000000001,158.72,3957042,62098,158.53393199999999
2023-08-29 04:00:00+00:00,159,160.22499999999999,158.86000000000001,160.05000000000001,4234069,65874,159.79752400000001
2023-08-30 04:00:00+00:00,160.40000000000001,161.28989999999999,159.91999999999999,161.19999999999999,3655921,62527,160.91933800000001
2023-08-31 04:00:00+00:00,161.12,162.99000000000001,160.96000000000001,162.61000000000001,6527634,94381,162.497354
2023-09-01 04:00:00+00:00,162.87,162.96000000000001,160.15000000000001,161.56999999999999,4184458,72820,161.43818899999999
2023-09-05 04:00:00+00:00,161.84999999999999,162.80000000000001,160.18000000000001,160.27000000000001,5069787,78732,161.06551899999999
2023-09-06 04:00:00+00:00,160.40000000000001,162.16999999999999,159.91,161.47,4864855,76133,161.58470700000001
2023-09-07 04:00:00+00:00,162,163.47999999999999,161.49000000000001,163.47,6373630,91460,162.932029
2023-09-08 04:00:00+00:00,163.47999999999999,163.86000000000001,163.06999999999999,163.77000000000001,4222989,71843,163.57027500000001
2023-09-11 04:00:00+00:00,164,164.48060000000001,163.66,164.34,3970707,72397,164.194299
2023-09-12 04:00:00+00:00,164.5,164.9331,164.03999999999999,164.52000000000001,3919120,68438,164.53737599999999
2023-09-13 04:00:00+00:00,164.93000000000001,165.84989999999999,164.37,164.56,4788091,80087,164.90252000000001
2023-09-14 04:00:00+00:00,165,165.74000000000001,164.41,165.25,4974570,77904,165.229501
2023-09-15 04:00:00+00:00,165.21000000000001,165.66,163.77000000000001,164.63999999999999,21308360,88006,164.73802699999999
2023-09-18 04:00:00+00:00,164.68000000000001,165.19999999999999,163.25,163.41999999999999,4332566,69999,163.74939800000001
2023-09-19 04:00:00+00:00,163.38,163.78,162.35499999999999,163.38,4673496,75417,163.16296399999999
2023-09-20 04:00:00+00:00,163.59999999999999,164.71000000000001,162.96010000000001,163.91,3374884,59366,164.050535
2023-09-21 04:00:00+00:00,164.25999999999999,164.5,161.78999999999999,161.91999999999999,6262497,76430,162.622105
2023-09-22 04:00:00+00:00,162.22999999999999,163.22999999999999,161.91999999999999,162.34999999999999,4405640,63154,162.55688499999999
2023-09-25 04:00:00+00:00,162.37,163.11000000000001,161.86619999999999,163.06999999999999,3486475,56493,162.63136700000001
2023-09-26 04:00:00+00:00,162.94,163.5427,162.34999999999999,162.5,4811940,79644,162.789061
2023-09-27 04:00:00+00:00,162,162.22999999999999,160.28999999999999,161.72,5237465,82473,161.38611599999999
2023-09-28 04:00:00+00:00,162,162.83000000000001,161.59010000000001,162.53999999999999,3872374,64683,162.40411
2023-09-29 04:00:00+00:00,163.03,163.13,159.185,159.93000000000001,6280815,86474,160.28401700000001
2023-10-02 04:00:00+00:00,159.49000000000001,160.27000000000001,158.31,160.09999999999999,4331292,71534,159.65717799999999
2023-10-03 04:00:00+00:00,159.69,160.7475,158.68010000000001,159.09,3751059,65946,159.34694500000001
2023-10-04 04:00:00+00:00,159.65000000000001,161.05000000000001,159.00999999999999,161,5283916,75819,160.60373000000001
2023-10-05 04:00:00+00:00,160.44999999999999,160.96000000000001,159,159.08000000000001,4756536,70603,159.50179499999999
2023-10-06 04:00:00+00:00,158.65000000000001,158.99000000000001,151.65000000000001,156.41,14205391,180168,154.60850099999999
2023-10-09 04:00:00+00:00,155.08000000000001,155.85499999999999,153.25999999999999,155.84,7007516,92281,154.73185599999999
2023-10-10 04:00:00+00:00,156.22999999999999,158.08000000000001,155.66,157.59999999999999,5338150,81866,157.33639700000001
2023-10-11 04:00:00+00:00,158.25999999999999,159.49000000000001,157.03999999999999,158.22999999999999,4008925,61369,158.14119299999999
2023-10-12 04:00:00+00:00,158.53,159.31,157.77000000000001,158.94999999999999,4504893,72324,158.72592800000001
2023-10-13 04:00:00+00:00,159.25999999999999,160.46000000000001,158.90000000000001,159.83000000000001,4603629,72975,159.85384999999999
2023-10-16 04:00:00+00:00,160.53999999999999,162.08000000000001,160.31999999999999,161.21000000000001,4782671,79719,161.38803799999999
2023-10-17 04:00:00+00:00,160.74000000000001,161.71100000000001,160.38999999999999,161.41999999999999,3631125,57538,161.173418
2023-10-18 04:00:00+00:00,161.88,162.36000000000001,160.72,161.53999999999999,3519909,63302,161.70880600000001
2023-10-19 04:00:00+00:00,161.43000000000001,161.82210000000001,160.22,160.77000000000001,3915300,67134,160.98704799999999
2023-10-20 04:00:00+00:00,160.83000000000001,161.10499999999999,158.71000000000001,158.75999999999999,5019082,74614,159.54529700000001
2023-10-23 04:00:00+00:00,158.72999999999999,161.34999999999999,158.02000000000001,161.00999999999999,5699038,92241,160.534415
2023-10-24 04:00:00+00:00,161.40000000000001,163.47999999999999,161.38999999999999,163.25,5845023,83644,162.90897100000001
2023-10-25 04:00:00+00:00,163.16,164.33000000000001,162.47,162.75999999999999,5540594,79695,163.04758699999999
2023-10-26 04:00:00+00:00,162.71000000000001,163.84999999999999,161.61000000000001,161.77000000000001,5398994,81230,162.27228700000001
2023-10-27 04:00:00+00:00,161.47999999999999,161.97,160.55000000000001,161.16999999999999,4610072,81655,161.15292400000001
2023-10-30 04:00:00+00:00,161.46000000000001,163.25999999999999,160.785,163.02000000000001,4217886,75374,162.391831
2023-10-31 04:00:00+00:00,163,163.62,161.94999999999999,163.41,4722784,61957,163.19363200000001
2023-11-01 04:00:00+00:00,164.21000000000001,165.38,162.97999999999999,164.87,4966465,80021,164.626688
2023-11-02 04:00:00+00:00,164.38,166.19,163.625,165.52000000000001,5164068,76814,165.51019099999999
2023-11-03 04:00:00+00:00,165.88,166.29499999999999,164.5,164.66,5746742,84437,165.235704
2023-11-06 05:00:00+00:00,164.5,165.63,164.06999999999999,164.88,4843080,81122,164.92917299999999
2023-11-07 05:00:00+00:00,165.77000000000001,166.61000000000001,165.33000000000001,165.65000000000001,5007836,78168,165.98020700000001
2023-11-08 05:00:00+00:00,165.84,166.28,163.58000000000001,164.30000000000001,5197278,86686,164.481596
2023-11-09 05:00:00+00:00,164.37,164.52000000000001,163.245,163.91999999999999,5026901,82030,163.80354700000001
2023-11-10 05:00:00+00:00,164.55000000000001,166.44,163.90000000000001,166.19,4773721,74898,165.690088
2023-11-13 05:00:00+00:00,166.38,167.86949999999999,166.04499999999999,167.68000000000001,5136282,85581,167.23078899999999
2023-11-14 05:00:00+00:00,168.16999999999999,169.14599999999999,167.25,167.65000000000001,6597508,110946,167.905292
2023-11-15 05:00:00+00:00,168.38,169.94,167.50999999999999,169.78,11923316,162636,169.10652899999999
2023-11-16 05:00:00+00:00,158.75,159.44999999999999,155.5,156.03999999999999,32552866,407667,157.01671099999999
2023-11-17 05:00:00+00:00,155.94999999999999,157.53999999999999,155.00999999999999,155.34999999999999,14177802,184032,156.04968
2023-11-20 05:00:00+00:00,155.53999999999999,156.00999999999999,155.00999999999999,155.30000000000001,8901283,126987,155.48077499999999
2023-11-21 05:00:00+00:00,155.46000000000001,156.84999999999999,154.13,155.86000000000001,9794066,129704,155.74300700000001
2023-11-22 05:00:00+00:00,155.72,156.05000000000001,154.38,154.66999999999999,8811176,115573,154.80030099999999
2023-11-24 05:00:00+00:00,155.15000000000001,156.13,154.69999999999999,156.06,4658391,64832,155.53866099999999
2023-11-27 05:00:00+00:00,155.94999999999999,157.36000000000001,155.94999999999999,156.77000000000001,7797884,108661,156.89702800000001
2023-11-28 05:00:00+00:00,156.66,158.9239,156.66,158.63999999999999,7845011,108606,158.31149300000001
2023-11-29 05:00:00+00:00,158.77000000000001,158.77000000000001,155.61000000000001,156.08000000000001,9965497,146259,156.28136000000001
2023-11-30 05:00:00+00:00,156.02000000000001,156.34999999999999,154.50989999999999,155.69,9975264,120892,155.31546700000001
2023-12-01 05:00:00+00:00,155.38,155.61000000000001,152.63,154.34,13091223,162714,153.94365199999999
2023-12-04 05:00:00+00:00,153.31999999999999,154.93000000000001,153.31,154.30000000000001,8294396,102657,154.23703399999999
2023-12-05 05:00:00+00:00,154.44999999999999,155.84999999999999,153.74000000000001,155.72999999999999,7294610,95006,155.30236300000001
2023-12-06 05:00:00+00:00,155.55000000000001,155.83000000000001,153.65000000000001,154.03999999999999,8815799,117724,154.16680600000001
2023-12-07 05:00:00+00:00,154.34999999999999,154.53999999999999,152.22499999999999,152.46000000000001,8454193,110429,152.90563399999999
2023-12-08 05:00:00+00:00,152,152.21000000000001,150.24000000000001,150.86000000000001,11356487,125344,150.92779300000001
2023-12-11 05:00:00+00:00,151.13999999999999,151.44999999999999,149.53999999999999,151.24000000000001,10627754,126333,150.422811
2023-12-12 05:00:00+00:00,151.22,151.69999999999999,150.22999999999999,151.36000000000001,7127340,95041,151.08162300000001
2023-12-13 05:00:00+00:00,151.55000000000001,154.05000000000001,150.63999999999999,154.05000000000001,11782893,122019,152.904965
2023-12-14 05:00:00+00:00,153.52000000000001,153.94,151.93000000000001,152.16999999999999,10297091,133686,152.386383
2023-12-15 05:00:00+00:00,151.78,153.46000000000001,151.53999999999999,152.74000000000001,23334529,115860,152.512137
2023-12-18 05:00:00+00:00,153.34999999999999,155.06999999999999,153.13,154.97,8772004,100590,154.57783900000001
2023-12-19 05:00:00+00:00,154.84,155.69,154.09,155.53,8139031,101426,155.031036
2023-12-20 05:00:00+00:00,155.41999999999999,156.13999999999999,153.62,153.71000000000001,7322567,96998,154.749594
2023-12-21 05:00:00+00:00,154,155.06,153.905,154.80000000000001,6695928,86390,154.618922
2023-12-22 05:00:00+00:00,155.44999999999999,157.15000000000001,155.15520000000001,156.65000000000001,6468547,91668,156.69409200000001
2023-12-26 05:00:00+00:00,156.65000000000001,156.99000000000001,156.11000000000001,156.41,3893321,66850,156.444513
2023-12-27 05:00:00+00:00,156.31,157.94499999999999,156.16,157.88,6631988,86009,157.60219599999999
2023-12-28 05:00:00+00:00,157.77000000000001,158.33000000000001,157.5,157.56999999999999,5592022,81975,157.773303
2023-12-29 05:00:00+00:00,157.53,158.08000000000001,157.16,157.65000000000001,7316066,86383,157.71284
2024-01-02 05:00:00+00:00,157.25,159.535,157.19,159.28999999999999,7846559,104569,158.98482100000001
2024-01-03 05:00:00+00:00,159.77000000000001,160.30000000000001,158.93000000000001,159.30000000000001,6252020,93432,159.44562300000001
2024-01-04 05:00:00+00:00,159.21000000000001,159.53999999999999,157.49000000000001,157.75999999999999,6427490,85744,158.23163600000001
2024-01-05 05:00:00+00:00,157.91999999999999,158.09999999999999,155.59999999999999,156.71000000000001,7236501,96439,156.53457399999999
2024-01-08 05:00:00+00:00,156.69999999999999,158.29499999999999,156.67500000000001,158.25,6893626,86057,157.883005
2024-01-09 05:00:00+00:00,157.93000000000001,159.34,157.72999999999999,159.31,7774126,90987,158.752286
2024-01-10 05:00:00+00:00,159.56,161.5001,159.56,161.28999999999999,6707346,99806,161.03182000000001
2024-01-11 05:00:00+00:00,161.34999999999999,161.88999999999999,160.16999999999999,161.11000000000001,4785069,76687,160.866501
2024-01-12 05:00:00+00:00,161.37,161.54499999999999,160.38,161.31999999999999,4542989,63731,161.00283400000001
2024-01-16 05:00:00+00:00,161.44,162.40000000000001,161.22999999999999,161.83000000000001,5677530,82137,161.72646599999999
2024-01-17 05:00:00+00:00,161.38,161.98500000000001,160.63,161.06999999999999,4942554,75757,161.236817
2024-01-18 05:00:00+00:00,161.16,163.38999999999999,160.68000000000001,163.24000000000001,6063537,89033,162.35909699999999
2024-01-19 05:00:00+00:00,163.43000000000001,163.56999999999999,161.44,162.38,6391765,84082,162.432547
2024-01-22 05:00:00+00:00,162.78999999999999,162.94999999999999,161.5,162.38999999999999,4646127,76448,162.24603999999999
2024-01-23 05:00:00+00:00,162.12,162.84999999999999,161.77000000000001,162.80000000000001,4022172,61136,162.40842000000001
2024-01-24 05:00:00+00:00,162.90000000000001,163.065,160.31999999999999,160.5,7644287,82056,161.30403699999999
2024-01-25 05:00:00+00:00,161.40000000000001,162.87,160.41999999999999,162.84,5456534,79155,161.94421800000001
2024-01-26 05:00:00+00:00,163.05000000000001,164.38,162.66,164.27000000000001,5248770,67429,163.79954000000001
2024-01-29 05:00:00+00:00,164.34999999999999,165.405,163.52000000000001,165.03999999999999,6080104,77375,164.567511
2024-01-30 05:00:00+00:00,164.69999999999999,165.80500000000001,163.62,165.59,5090004,74190,165.26211699999999
2024-01-31 05:00:00+00:00,167.80000000000001,167.80000000000001,165.11000000000001,165.25,8711625,135598,165.98634799999999
2024-02-01 05:00:00+00:00,165.69999999999999,168.35400000000001,165.18000000000001,168.31,6930851,110753,167.514309
2024-02-02 05:00:00+00:00,168.15000000000001,170.57499999999999,167.91999999999999,169.56999999999999,7223562,110223,169.277951
2024-02-05 05:00:00+00:00,170.00999999999999,170.00999999999999,168.06999999999999,168.66,6381690,91281,168.84471600000001
2024-02-06 05:00:00+00:00,168.78999999999999,169.94999999999999,168.34,169.81,4729928,79834,169.44367
2024-02-07 05:00:00+00:00,170.27000000000001,170.66,169.19999999999999,169.38,5694155,89553,169.765704
2024-02-08 05:00:00+00:00,169.38,170.55000000000001,169.13999999999999,169.37,4809309,79242,169.65775600000001
2024-02-09 05:00:00+00:00,169.38999999999999,169.72999999999999,168.91999999999999,169.28,4776622,77918,169.30856299999999
2024-02-12 05:00:00+00:00,169.22999999999999,170.36000000000001,169.05000000000001,170.30000000000001,4931680,78444,169.91481200000001
2024-02-13 05:00:00+00:00,170.62,171.06999999999999,168.27000000000001,169.13999999999999,6191405,94178,169.34825799999999
2024-02-14 05:00:00+00:00,168.75,168.875,167.53999999999999,168.59999999999999,6161534,100037,168.20535699999999
2024-02-15 05:00:00+00:00,169.80000000000001,169.84999999999999,167.97,169.28999999999999,5649619,92736,168.96879799999999
2024-02-16 05:00:00+00:00,170.28999999999999,171.93000000000001,169.28999999999999,170.36000000000001,7457847,113706,170.73750899999999
2024-02-20 05:00:00+00:00,178.47999999999999,181.34999999999999,175.22999999999999,175.86000000000001,23929538,290735,177.55750800000001
2024-02-21 05:00:00+00:00,175,175.58000000000001,172.80000000000001,173.69999999999999,13517177,164459,173.815709
2024-02-22 05:00:00+00:00,173.88,175.47,173.31,175.41,9837645,132034,174.749134
2024-02-23 05:00:00+00:00,176.09,177.65000000000001,175.31,175.56,24788589,163462,175.84240199999999
2024-02-26 05:00:00+00:00,59.119999999999997,59.840000000000003,58.18,59.600000000000001,32154765,286392,59.369526
2024-02-27 05:00:00+00:00,59.640000000000001,59.799999999999997,59.219999999999999,59.590000000000003,18026689,146550,59.533535000000001
2024-02-28 05:00:00+00:00,59.549999999999997,59.759999999999998,59.310000000000002,59.619999999999997,14803289,109226,59.588391999999999
2024-02-29 05:00:00+00:00,59.450000000000003,59.490000000000002,58.590000000000003,58.609999999999999,29245142,156511,58.773800000000001
2024-03-01 05:00:00+00:00,58.799999999999997,58.850000000000001,58.200000000000003,58.759999999999998,19030919,141976,58.596198000000001
2024-03-04 05:00:00+00:00,58.5,59.390000000000001,58.399999999999999,59.299999999999997,16033298,126635,59.147056999999997
2024-03-05 05:00:00+00:00,59.869999999999997,60.340000000000003,59.575000000000003,60.039999999999999,19676884,153844,60.070678999999998
2024-03-06 05:00:00+00:00,60.119999999999997,60.619999999999997,60.039999999999999,60.57,12698714,109278,60.407342999999997
2024-03-07 05:00:00+00:00,61,61.069899999999997,60.344999999999999,60.359999999999999,16195303,112942,60.500763999999997
2024-03-08 05:00:00+00:00,60,60.280000000000001,59.729999999999997,60.119999999999997,12143645,111239,60.075409000000001
2024-03-11 04:00:00+00:00,60.100000000000001,60.710000000000001,59.869999999999997,60.659999999999997,14153969,117536,60.387208000000001
2024-03-12 04:00:00+00:00,60.950000000000003,61.564999999999998,60.645000000000003,61.409999999999997,16613062,133297,61.310631000000001
2024-03-13 04:00:00+00:00,61.259999999999998,61.454999999999998,60.880000000000003,61.280000000000001,15935187,132165,61.169069
2024-03-14 04:00:00+00:00,61.280000000000001,61.439999999999998,60.594999999999999,61.020000000000003,16584660,126413,60.978523000000003
2024-03-15 04:00:00+00:00,60.68,61.149999999999999,60.460000000000001,60.68,50936329,121746,60.724376999999997
2024-03-18 04:00:00+00:00,60.689999999999998,60.899999999999999,60.390000000000001,60.859999999999999,16801658,104719,60.752533
2024-03-19 04:00:00+00:00,60.969999999999999,61.07,60.600000000000001,60.869999999999997,12353624,80779,60.852786999999999
2024-03-20 04:00:00+00:00,60.840000000000003,61.280000000000001,60.740000000000002,61.25,12007593,89128,61.117978000000001
2024-03-21 04:00:00+00:00,61.280000000000001,61.655000000000001,61.049999999999997,61.450000000000003,14265872,99694,61.466445
2024-03-22 04:00:00+00:00,61.32,61.526000000000003,60.850000000000001,60.869999999999997,14029440,93206,61.082422000000001
2024-03-25 04:00:00+00:00,60.869999999999997,60.984999999999999,60.359999999999999,60.57,14186627,105344,60.560521000000001
2024-03-26 04:00:00+00:00,60.460000000000001,60.829999999999998,60.229999999999997,60.509999999999998,13738342,96122,60.608341000000003
2024-03-27 04:00:00+00:00,60.869999999999997,61.049999999999997,60.380000000000003,60.719999999999999,14363410,97799,60.650427999999998
2024-03-28 04:00:00+00:00,60.659999999999997,60.770000000000003,60.159999999999997,60.170000000000002,17535100,112843,60.348658
2024-04-01 04:00:00+00:00,60.310000000000002,60.759999999999998,59.93,60,13837599,118439,60.208886999999997
2024-04-02 04:00:00+00:00,59.899999999999999,60.100000000000001,58.880000000000003,59.159999999999997,19510121,141407,59.194448000000001
2024-04-03 04:00:00+00:00,59.380000000000003,59.5,58.939999999999998,59.43,14615103,110362,59.260627999999997
2024-04-04 04:00:00+00:00,59.539999999999999,59.810000000000002,59.289999999999999,59.5,14436126,117293,59.530664999999999
2024-04-05 04:00:00+00:00,59.549999999999997,60.039999999999999,59.490000000000002,59.850000000000001,10335909,92342,59.794576999999997
2024-04-08 04:00:00+00:00,59.600000000000001,60.039999999999999,59.420000000000002,59.780000000000001,11070120,98837,59.804572999999998
2024-04-09 04:00:00+00:00,59.869999999999997,59.969999999999999,59.299999999999997,59.789999999999999,10015922,92178,59.703471999999998
2024-04-10 04:00:00+00:00,59.619999999999997,60.759999999999998,59.390000000000001,60.619999999999997,15097558,128212,60.394146999999997
2024-04-11 04:00:00+00:00,60.75,60.890000000000001,60.07,60.090000000000003,10987600,100272,60.253186999999997
2024-04-12 04:00:00+00:00,60,60.719999999999999,59.950000000000003,60.140000000000001,12279920,105411,60.284990000000001
2024-04-15 04:00:00+00:00,60.509999999999998,60.700000000000003,59.909999999999997,59.93,10557182,97481,60.140149999999998
2024-04-16 04:00:00+00:00,60.030000000000001,60.289999999999999,59.780000000000001,59.840000000000003,14726259,114142,59.960735
2024-04-17 04:00:00+00:00,60.149999999999999,60.43,59.57,59.649999999999999,15329693,132703,59.889471
2024-04-18 04:00:00+00:00,59.829999999999998,59.935000000000002,59.219999999999999,59.259999999999998,12061538,99284,59.402250000000002
2024-04-19 04:00:00+00:00,59.450000000000003,59.670000000000002,58.969999999999999,59.530000000000001,14165797,100844,59.406556000000002
2024-04-22 04:00:00+00:00,59.560000000000002,60.395000000000003,59.039999999999999,60.140000000000001,14909983,118398,59.887500000000003
2024-04-23 04:00:00+00:00,60.25,60.350000000000001,58.555,59.090000000000003,17963945,147479,59.066893
2024-04-24 04:00:00+00:00,58.975000000000001,60.039999999999999,58.810000000000002,59.869999999999997,18529138,121611,59.679760999999999
2024-04-25 04:00:00+00:00,60.049999999999997,60.530000000000001,59.832500000000003,60.210000000000001,19262954,125589,60.209412
2024-04-26 04:00:00+00:00,60.109999999999999,60.390000000000001,60,60.159999999999997,11045224,91861,60.180712
2024-04-29 04:00:00+00:00,60.18,60.390000000000001,59.939999999999998,60.240000000000002,9788575,89263,60.149776000000003
2024-04-30 04:00:00+00:00,60.200000000000003,60.299999999999997,59.159999999999997,59.350000000000001,14209155,109143,59.390388000000002
2024-05-01 04:00:00+00:00,59.310000000000002,59.409999999999997,58.719999999999999,58.850000000000001,15470975,115634,59.015639
2024-05-02 04:00:00+00:00,58.939999999999998,59.884999999999998,58.579999999999998,59.710000000000001,17574115,111330,59.581294
2024-05-03 04:00:00+00:00,59.619999999999997,59.979999999999997,59.140000000000001,59.82,14207397,104429,59.690443999999999
2024-05-06 04:00:00+00:00,60,60,59.390000000000001,59.869999999999997,11119402,103165,59.710810000000002
2024-05-07 04:00:00+00:00,60.170000000000002,60.799999999999997,60.049999999999997,60.619999999999997,14520240,111647,60.538784
2024-05-08 04:00:00+00:00,60.630000000000003,60.844999999999999,60.219999999999999,60.299999999999997,11015695,96265,60.477693000000002
2024-05-09 04:00:00+00:00,60.200000000000003,60.579900000000002,59.950000000000003,60.439999999999998,14550463,101471,60.377698000000002
2024-05-10 04:00:00+00:00,60.409999999999997,60.579999999999998,60.159999999999997,60.479999999999997,12356612,104416,60.419800000000002
2024-05-13 04:00:00+00:00,60.619999999999997,61.344999999999999,60.289999999999999,60.409999999999997,19260522,151062,60.690578000000002
2024-05-14 04:00:00+00:00,60.520000000000003,60.549999999999997,59.435000000000002,59.859999999999999,18780139,139395,59.837775000000001
2024-05-15 04:00:00+00:00,59.829999999999998,59.939999999999998,59.469999999999999,59.829999999999998,22240558,166153,59.720975000000003
2024-05-16 04:00:00+00:00,64.219999999999999,64.415000000000006,62.939999999999998,64.010000000000005,60545613,375208,63.775537
2024-05-17 04:00:00+00:00,64.239999999999995,64.879999999999995,63.630000000000003,64.650000000000006,29330381,198856,64.519898999999995
2024-05-20 04:00:00+00:00,64.420000000000002,64.760000000000005,63.869999999999997,64.180000000000007,15001391,113271,64.284879000000004
2024-05-21 04:00:00+00:00,64.530000000000001,65.189999999999998,64.450000000000003,65.150000000000006,17131691,121932,64.955298999999997
2024-05-22 04:00:00+00:00,64.980000000000004,65.689999999999998,64.730000000000004,65.25,14879434,110319,65.309219999999996
2024-05-23 04:00:00+00:00,65.170000000000002,65.515000000000001,64.560000000000002,64.840000000000003,16222946,124409,64.978795000000005
2024-05-24 04:00:00+00:00,65.129999999999995,65.689999999999998,65.010000000000005,65.379999999999995,11795024,92249,65.364029000000002
2024-05-28 04:00:00+00:00,65.219999999999999,65.469999999999999,64.739999999999995,65.040000000000006,13349619,118109,65.018398000000005
2024-05-29 04:00:00+00:00,64.75,65.209999999999994,64.650000000000006,64.920000000000002,11538552,101100,64.976799
2024-05-30 04:00:00+00:00,64.930000000000007,65.171099999999996,64.769999999999996,64.890000000000001,13053481,102015,64.930454999999995
2024-05-31 04:00:00+00:00,64.670000000000002,65.900000000000006,64.159999999999997,65.760000000000005,27632223,141732,65.250508999999994
2024-06-03 04:00:00+00:00,65.510000000000005,65.840000000000003,65.160300000000007,65.819999999999993,11578709,107154,65.575996000000004
2024-06-04 04:00:00+00:00,65.989999999999995,66.635000000000005,65.834999999999994,66.599999999999994,14780755,115743,66.395936000000006
2024-06-05 04:00:00+00:00,66.569999999999993,67.150000000000006,66.280000000000001,67.090000000000003,14982667,125450,66.861249999999998
2024-06-06 04:00:00+00:00,67.060000000000002,67.439999999999998,66.769999999999996,67.150000000000006,13256005,112026,67.164085999999998
2024-06-07 04:00:00+00:00,67.400000000000006,67.564999999999998,65.635000000000005,65.879999999999995,20213211,155821,66.131277999999995
2024-06-10 04:00:00+00:00,67.189999999999998,67.329999999999998,66.269999999999996,66.959999999999994,21667416,169188,66.777455000000003
2024-06-11 04:00:00+00:00,66.950000000000003,66.959999999999994,66.349999999999994,66.730000000000004,13367514,104924,66.691415000000006
2024-06-12 04:00:00+00:00,66.849999999999994,66.939999999999998,65.897999999999996,66.310000000000002,11704704,125081,66.276888
2024-06-13 04:00:00+00:00,66.299999999999997,66.760000000000005,65.949100000000001,66.700000000000003,11196603,87729,66.490992000000006
2024-06-14 04:00:00+00:00,66.540000000000006,67.109999999999999,66.299999999999997,67.019999999999996,12590146,101199,66.851335000000006
2024-06-17 04:00:00+00:00,66.920000000000002,67.439999999999998,66.412499999999994,67.420000000000002,12103044,115474,67.157082000000003
2024-06-18 04:00:00+00:00,67.629999999999995,67.870000000000005,67.295000000000002,67.599999999999994,12093549,104011,67.608624000000006
2024-06-20 04:00:00+00:00,67.349999999999994,68.129999999999995,67.299999999999997,68.010000000000005,13860763,133197,67.837458999999996
2024-06-21 04:00:00+00:00,68.260000000000005,68.549999999999997,67.829999999999998,67.909999999999997,25891526,130119,68.099058999999997
2024-06-24 04:00:00+00:00,68.049999999999997,69.040000000000006,67.900000000000006,68.900000000000006,12470448,116080,68.805396000000002
2024-06-25 04:00:00+00:00,67.170000000000002,67.590000000000003,66.549999999999997,67.420000000000002,20904039,170386,67.222447000000003
2024-06-26 04:00:00+00:00,67.400000000000006,68.599900000000005,67.209999999999994,68.290000000000006,14177522,116982,68.249930000000006
2024-06-27 04:00:00+00:00,68.290000000000006,68.579999999999998,67.665000000000006,67.879999999999995,12899186,98113,67.989469999999997
2024-06-28 04:00:00+00:00,67.870000000000005,68.098100000000002,67.319999999999993,67.709999999999994,18789448,110687,67.656548000000001
2024-07-01 04:00:00+00:00,67.890000000000001,68.239999999999995,67.25,67.480000000000004,8666021,94450,67.565524999999994
2024-07-02 04:00:00+00:00,67.439999999999998,68.084999999999994,67.260000000000005,68.069999999999993,9436487,88328,67.800059000000005
2024-07-03 04:00:00+00:00,67.810000000000002,68.25,67.620000000000005,68.239999999999995,6287545,64594,68.036004000000005
2024-07-05 04:00:00+00:00,68.159999999999997,70.150000000000006,68.099999999999994,70.040000000000006,21586100,139192,69.650899999999993
2024-07-08 04:00:00+00:00,69.900000000000006,70.140000000000001,69.349999999999994,69.680000000000007,12077679,115628,69.609358
2024-07-09 04:00:00+00:00,69.900000000000006,70.25,69.670000000000002,69.900000000000006,9781831,93736,69.979759999999999
2024-07-10 04:00:00+00:00,70.099999999999994,70.439999999999998,69.719999999999999,70.409999999999997,10803405,104175,70.149722999999994
2024-07-11 04:00:00+00:00,70.180000000000007,70.450000000000003,69.260000000000005,69.799999999999997,15624796,135640,69.624588000000003
2024-07-12 04:00:00+00:00,69.900000000000006,70.029899999999998,69.170000000000002,69.239999999999995,12145317,112294,69.538820000000001
2024-07-15 04:00:00+00:00,69.299999999999997,69.974999999999994,69.299999999999997,69.609999999999999,10171137,115696,69.694452999999996
2024-07-16 04:00:00+00:00,69.819999999999993,70.239999999999995,69.579999999999998,69.989999999999995,9836824,105895,70.001447999999996
2024-07-17 04:00:00+00:00,70.180000000000007,71.099999999999994,69.950000000000003,71.030000000000001,13533791,151151,70.743544
2024-07-18 04:00:00+00:00,70.680000000000007,71.189999999999998,70.430000000000007,70.819999999999993,10682742,112843,70.812425000000005
2024-07-19 04:00:00+00:00,71.200000000000003,71.329999999999998,70.650000000000006,70.75,11665526,121793,70.908040999999997
2024-07-22 04:00:00+00:00,70.859999999999999,71.260000000000005,70.230099999999993,70.379999999999995,12666130,97266,70.525032999999993
2024-07-23 04:00:00+00:00,70.469999999999999,70.700000000000003,70.109999999999999,70.650000000000006,9263561,105103,70.499696
2024-07-24 04:00:00+00:00,70.519999999999996,70.840000000000003,70.340000000000003,70.599999999999994,22490783,133439,70.620187999999999
2024-07-25 04:00:00+00:00,70.599999999999994,70.769999999999996,69.950000000000003,70.019999999999996,18821199,135681,70.262512999999998
2024-07-26 04:00:00+00:00,70.230000000000004,70.234999999999999,68.829999999999998,69.780000000000001,16789306,134948,69.616324000000006
2024-07-29 04:00:00+00:00,69.849999999999994,69.900000000000006,69.129999999999995,69.620000000000005,10315305,99126,69.503348000000003
2024-07-30 04:00:00+00:00,69.549999999999997,69.844999999999999,68.980000000000004,69.189999999999998,12522469,107036,69.320289000000002
2024-07-31 04:00:00+00:00,69.180000000000007,69.25,68.290000000000006,68.640000000000001,22908760,169084,68.741579999999999
2024-08-01 04:00:00+00:00,68.909999999999997,69.799999999999997,68.519999999999996,69.790000000000006,17275532,160076,69.391818999999998
2024-08-02 04:00:00+00:00,69.599999999999994,70.234999999999999,67.739999999999995,68.459999999999994,23578664,183257,68.550325000000001
2024-08-05 04:00:00+00:00,68.099999999999994,68.579999999999998,66.909999999999997,67.590000000000003,20770455,195558,67.479094000000003
2024-08-06 04:00:00+00:00,67.840000000000003,68.629999999999995,67.680000000000007,67.739999999999995,14815072,124034,68.090926999999994
2024-08-07 04:00:00+00:00,67.870000000000005,68.010000000000005,66.810000000000002,66.909999999999997,18499200,144002,67.288100999999997
2024-08-08 04:00:00+00:00,66.840000000000003,67.919899999999998,66.670000000000002,67.659999999999997,12489819,113376,67.558758999999995
2024-08-09 04:00:00+00:00,67.849999999999994,68.219999999999999,67.329999999999998,67.950000000000003,13805576,109952,67.859279000000001
2024-08-12 04:00:00+00:00,68.340000000000003,69.224999999999994,68.069999999999993,68.700000000000003,17385278,145419,68.796243000000004
2024-08-13 04:00:00+00:00,68.430000000000007,68.609999999999999,67.140000000000001,68.129999999999995,26557901,161452,67.846086999999997
2024-08-14 04:00:00+00:00,67.920000000000002,68.790000000000006,67.849999999999994,68.659999999999997,22928551,173720,68.493454
2024-08-15 04:00:00+00:00,74.120000000000005,74.439999999999998,72.780000000000001,73.180000000000007,49567500,356482,73.291874000000007
2024-08-16 04:00:00+00:00,72.700000000000003,73.605000000000004,72.519999999999996,73.450000000000003,19872144,151609,73.282081000000005
2024-08-19 04:00:00+00:00,73.390000000000001,73.980000000000004,73.340000000000003,73.719999999999999,13709265,118691,73.711830000000006
2024-08-20 04:00:00+00:00,73.75,74.75,73.719999999999999,74.540000000000006,14433985,108205,74.422214999999994
2024-08-21 04:00:00+00:00,75.299999999999997,75.579999999999998,74.590000000000003,75.239999999999995,14831992,129060,75.096539000000007
2024-08-22 04:00:00+00:00,75.370000000000005,76.219999999999999,75.150000000000006,75.579999999999998,16511139,127325,75.588944999999995
2024-08-23 04:00:00+00:00,75.599999999999994,75.810000000000002,75.0077,75.700000000000003,12299093,106644,75.478307000000001
2024-08-26 04:00:00+00:00,75.900000000000006,76.204999999999998,75.569999999999993,76.030000000000001,9508215,98620,75.916714999999996
2024-08-27 04:00:00+00:00,76.450000000000003,76.450000000000003,75.769999999999996,76.129999999999995,11557762,107842,76.179235000000006
2024-08-28 04:00:00+00:00,76.280000000000001,76.430000000000007,75.805000000000007,76.079999999999998,9814264,93032,76.081926999999993
2024-08-29 04:00:00+00:00,75.989999999999995,76.469999999999999,75.670000000000002,76.420000000000002,11856787,112128,76.186369999999997
2024-08-30 04:00:00+00:00,76.439999999999998,77.474999999999994,76.219999999999999,77.230000000000004,23229975,116908,77.087993999999995
2024-09-03 04:00:00+00:00,77.329999999999998,77.810000000000002,76.795000000000002,77.170000000000002,22666144,191096,77.387516000000005
2024-09-04 04:00:00+00:00,77.329999999999998,77.480000000000004,76.730000000000004,77.239999999999995,18442775,160864,77.144734
2024-09-05 04:00:00+00:00,77.25,77.450000000000003,76.390000000000001,76.959999999999994,13082893,135466,76.933188999999999
2024-09-06 04:00:00+00:00,76.900000000000006,77.319999999999993,76.299999999999997,76.640000000000001,14548588,146674,76.654760999999993
2024-09-09 04:00:00+00:00,76.849999999999994,77.469999999999999,76.489999999999995,77.340000000000003,22260226,180037,77.222987000000003
2024-09-10 04:00:00+00:00,77.349999999999994,78.900000000000006,77.280000000000001,78.810000000000002,17686284,157253,78.496043
2024-09-11 04:00:00+00:00,78.379999999999995,78.920000000000002,77.564999999999998,78.840000000000003,19518761,166080,78.318496999999994
2024-09-12 04:00:00+00:00,78.989999999999995,79.905000000000001,78.622100000000003,79.659999999999997,14884852,134706,79.427363999999997
2024-09-13 04:00:00+00:00,79.819999999999993,80.685000000000002,79.689999999999998,80.599999999999994,12994100,130361,80.387401999999994
2024-09-16 04:00:00+00:00,80.840000000000003,81.019999999999996,80.140000000000001,80.560000000000002,15346367,133543,80.520413000000005
2024-09-17 04:00:00+00:00,79.760000000000005,80.260000000000005,78.260000000000005,78.599999999999994,21065938,204974,79.073249000000004
2024-09-18 04:00:00+00:00,78.640000000000001,79.409999999999997,78.280000000000001,79.030000000000001,15684878,148739,78.903097000000002
2024-09-19 04:00:00+00:00,79.049999999999997,79.090000000000003,77.489999999999995,78.040000000000006,21525685,195683,78.233885999999998
2024-09-20 04:00:00+00:00,78.230000000000004,79.609999999999999,78.109999999999999,79.060000000000002,39534251,149784,78.923176999999995
2024-09-23 04:00:00+00:00,79.069999999999993,80.437399999999997,79.069999999999993,80.329999999999998,12147264,109324,80.118115000000003
2024-09-24 04:00:00+00:00,80.480000000000004,80.909999999999997,80.239999999999995,80.670000000000002,14651133,119653,80.652685000000005
2024-09-25 04:00:00+00:00,80.890000000000001,81.599999999999994,80.680000000000007,81.400000000000006,14163785,119928,81.257006000000004
2024-09-26 04:00:00+00:00,81.040000000000006,81.200000000000003,79.260000000000005,79.920000000000002,17061133,167465,80.064739000000003
2024-09-27 04:00:00+00:00,79.900000000000006,80.287499999999994,79.599999999999994,79.780000000000001,11899050,104056,79.867705000000001
2024-09-30 04:00:00+00:00,79.890000000000001,80.939999999999998,79.859999999999999,80.75,19008187,132113,80.585795000000005
2024-10-01 04:00:00+00:00,80.680000000000007,81.530000000000001,80.435000000000002,81.269999999999996,16054249,137426,81.103414999999998
2024-10-02 04:00:00+00:00,80.989999999999995,80.989999999999995,80.120000000000005,80.430000000000007,16618272,131508,80.458853000000005
2024-10-03 04:00:00+00:00,80.299999999999997,80.575000000000003,79.849999999999994,80.430000000000007,11640421,98712,80.343068000000002
2024-10-04 04:00:00+00:00,80.049999999999997,81.114999999999995,79.849999999999994,80.939999999999998,11591388,117554,80.812363000000005
2024-10-07 04:00:00+00:00,80.689999999999998,80.939999999999998,78.980000000000004,79.099999999999994,16791646,142610,79.678967
2024-10-08 04:00:00+00:00,79.620000000000005,79.819999999999993,79.069999999999993,79.709999999999994,15269963,122627,79.439901000000006
2024-10-09 04:00:00+00:00,79.819999999999993,80.5,79.75,80.400000000000006,12413030,115010,80.259168000000003
2024-10-10 04:00:00+00:00,80.310000000000002,80.319999999999993,79.459999999999994,79.609999999999999,10812700,100223,79.712131999999997
2024-10-11 04:00:00+00:00,79.700000000000003,80.129999999999995,79.370000000000005,80.099999999999994,9570734,92370,79.927711000000002
2024-10-14 04:00:00+00:00,80.049999999999997,80.510000000000005,79.760000000000005,80.290000000000006,9914477,96973,80.219016999999994
2024-10-15 04:00:00+00:00,80.670000000000002,81.820099999999996,80.510000000000005,81.650000000000006,13276221,127706,81.462626999999998
2024-10-16 04:00:00+00:00,81.530000000000001,81.659999999999997,80.620000000000005,81.219999999999999,11123254,104159,81.170810000000003
2024-10-17 04:00:00+00:00,81.269999999999996,81.5,80.644999999999996,80.890000000000001,9424705,87894,80.927496000000005
2024-10-18 04:00:00+00:00,80.870000000000005,81.689999999999998,80.659999999999997,81.310000000000002,12324148,94217,81.197203000000002
2024-10-21 04:00:00+00:00,81.230000000000004,81.549599999999998,80.719999999999999,80.810000000000002,9750376,89235,80.915642000000005
2024-10-22 04:00:00+00:00,81.109999999999999,82.224999999999994,80.825000000000003,82.019999999999996,12240149,107962,81.756867
2024-10-23 04:00:00+00:00,81.890000000000001,83.340000000000003,81.799999999999997,83.269999999999996,13058244,139825,82.905818999999994
2024-10-24 04:00:00+00:00,82.959999999999994,83.314999999999998,82.579999999999998,83.040000000000006,11645856,110774,83.051506000000003
2024-10-25 04:00:00+00:00,83.200000000000003,83.299999999999997,82.435000000000002,82.510000000000005,8959412,101614,82.741370000000003
2024-10-28 04:00:00+00:00,82.75,83.079999999999998,82.469999999999999,82.75,7990186,88764,82.806985999999995
2024-10-29 04:00:00+00:00,82.670000000000002,82.859999999999999,81.665000000000006,81.700000000000003,9682403,97698,82.130656000000002
2024-10-30 04:00:00+00:00,81.599999999999994,81.829999999999998,81.299999999999997,81.390000000000001,9268824,95163,81.540976000000001
2024-10-31 04:00:00+00:00,81.290000000000006,82.439999999999998,81.219999999999999,81.950000000000003,15538968,130465,81.987122999999997
2024-11-01 04:00:00+00:00,82.530000000000001,82.530000000000001,81.540000000000006,82.189999999999998,12181833,119996,82.111639999999994
2024-11-04 05:00:00+00:00,82.200000000000003,82.905000000000001,82,82.450000000000003,11731043,110676,82.523055999999997
2024-11-05 05:00:00+00:00,82.680000000000007,83.769999999999996,82.510000000000005,83.680000000000007,10612489,110848,83.534019999999998
2024-11-06 05:00:00+00:00,85.140000000000001,85.540000000000006,82.060000000000002,83.439999999999998,19974038,199370,83.431966000000003
2024-11-07 05:00:00+00:00,83.719999999999999,84.390000000000001,83.420000000000002,83.849999999999994,12665777,129079,83.986125000000001
2024-11-08 05:00:00+00:00,84.280000000000001,85.420000000000002,84.230000000000004,84.829999999999998,14396543,158418,84.973393000000002
2024-11-11 05:00:00+00:00,84.950000000000003,85.409999999999997,84.120000000000005,84.209999999999994,10433166,121267,84.501851000000002
2024-11-12 05:00:00+00:00,84.5,85.530000000000001,84.5,84.989999999999995,12860194,131441,85.080520000000007
2024-11-13 05:00:00+00:00,84.989999999999995,85.790000000000006,84.769999999999996,85.5,12802622,135062,85.456457
2024-11-14 05:00:00+00:00,85.030000000000001,85.760000000000005,84.340000000000003,84.469999999999999,15740732,149228,84.943325000000002
2024-11-15 05:00:00+00:00,84.530000000000001,84.780000000000001,83.941999999999993,84.25,17370602,139139,84.358154999999996
2024-11-18 05:00:00+00:00,84.819999999999993,84.849999999999994,83.659999999999997,84.079999999999998,25278121,216377,84.131296000000006
2024-11-19 05:00:00+00:00,86.230000000000004,88.290000000000006,85.909999999999997,86.599999999999994,36340856,328913,87.034333000000004
2024-11-20 05:00:00+00:00,86.599999999999994,87.200000000000003,85.909999999999997,87.180000000000007,18174395,172096,86.760897999999997
2024-11-21 05:00:00+00:00,87.450000000000003,88.640000000000001,86.930000000000007,88.390000000000001,18729222,175995,88.141289
2024-11-22 05:00:00+00:00,89.409999999999997,90.909999999999997,88.930000000000007,90.439999999999998,23990645,226376,90.124396000000004
2024-11-25 05:00:00+00:00,90.5,90.950000000000003,89.060000000000002,89.5,25078633,191946,89.618606999999997
2024-11-26 05:00:00+00:00,89.890000000000001,91.879999999999995,89.840000000000003,91.310000000000002,16657022,166344,91.107861999999997
2024-11-27 05:00:00+00:00,92,92.25,91.310000000000002,91.879999999999995,14358861,134389,91.850429000000005
2024-11-29 05:00:00+00:00,92.260000000000005,92.640000000000001,91.819999999999993,92.5,11041178,102008,92.347898000000001
2024-12-02 05:00:00+00:00,92.819999999999993,92.988699999999994,91.950000000000003,92.640000000000001,17172953,191898,92.523701000000003
2024-12-03 05:00:00+00:00,92.780000000000001,93.590000000000003,92.260000000000005,93.510000000000005,17775226,166060,93.207234999999997
2024-12-04 05:00:00+00:00,93.450000000000003,94.515000000000001,93.049999999999997,94.450000000000003,17312575,169076,94.031360000000006
2024-12-05 05:00:00+00:00,94.890000000000001,95.599999999999994,94.340000000000003,95.299999999999997,21932325,175198,95.176039000000003
2024-12-06 05:00:00+00:00,95.540000000000006,96.180000000000007,95.329999999999998,95.700000000000003,18803499,160731,95.797285000000002
2024-12-09 05:00:00+00:00,95.659999999999997,95.939999999999998,93.602000000000004,93.829999999999998,20931082,221761,94.233684999999994
2024-12-10 05:00:00+00:00,94.049999999999997,95.239999999999995,93.769999999999996,94.549999999999997,13164487,143719,94.580652000000001
2024-12-11 05:00:00+00:00,94.540000000000006,95.689999999999998,94.5,94.959999999999994,19682085,133039,95.114671999999999
2024-12-12 05:00:00+00:00,95.680000000000007,95.715000000000003,94.090000000000003,94.090000000000003,14298626,152660,94.665237000000005
2024-12-13 05:00:00+00:00,93.799999999999997,94.680000000000007,93.040000000000006,94.25,11495854,119766,94.250362999999993
2024-12-16 05:00:00+00:00,94.420000000000002,95.704999999999998,94.104799999999997,94.870000000000005,16741989,149467,94.924593999999999
2024-12-17 05:00:00+00:00,95.140000000000001,95.489999999999995,94.319999999999993,95.420000000000002,23560821,161616,95.093616999999995
2024-12-18 05:00:00+00:00,95.340000000000003,95.894999999999996,93.130399999999995,93.549999999999997,24665600,202302,94.590877000000006
2024-12-19 05:00:00+00:00,94.480000000000004,94.564999999999998,93.359999999999999,93.400000000000006,16606501,160866,93.682946000000001
2024-12-20 05:00:00+00:00,93.010000000000005,93.748599999999996,91.629999999999995,92.239999999999995,49350586,229864,92.486086
2024-12-23 05:00:00+00:00,91.5,91.5,88.909999999999997,90.349999999999994,26205379,256380,89.984632000000005
2024-12-24 05:00:00+00:00,90.370000000000005,92.680000000000007,90.349999999999994,92.680000000000007,8992427,99722,91.955804000000001
2024-12-26 05:00:00+00:00,92.540000000000006,92.875,92.170000000000002,92.790000000000006,10997611,110763,92.559160000000006
2024-12-27 05:00:00+00:00,92.129999999999995,92.349999999999994,91.030000000000001,91.659999999999997,11384359,135604,91.600301000000002
2024-12-30 05:00:00+00:00,90.730000000000004,91.069999999999993,90.129999999999995,90.569999999999993,9790196,122513,90.635350000000003
2024-12-31 05:00:00+00:00,90.569999999999993,90.939999999999998,90.055000000000007,90.349999999999994,11267652,114061,90.352598
2025-01-02 05:00:00+00:00,89.980000000000004,90.599999999999994,89.519999999999996,90,14820438,147273,90.016450000000006
2025-01-03 05:00:00+00:00,90.150000000000006,91.299999999999997,90.140000000000001,90.780000000000001,10834630,119882,90.862930000000006
2025-01-06 05:00:00+00:00,90.829999999999998,92.469999999999999,90.670000000000002,91.430000000000007,14519858,165457,91.686628999999996
2025-01-07 05:00:00+00:00,91.700000000000003,91.939999999999998,90.450000000000003,90.810000000000002,11238044,136630,90.943702999999999
2025-01-08 05:00:00+00:00,91.109999999999999,91.844999999999999,90.819999999999993,91.799999999999997,13453627,126175,91.526492000000005
2025-01-10 05:00:00+00:00,92.489999999999995,93.575000000000003,92.200000000000003,93,18140864,185131,92.976298
2025-01-13 05:00:00+00:00,92.120000000000005,92.430000000000007,91.099999999999994,91.530000000000001,18617077,163610,91.567376999999993
2025-01-14 05:00:00+00:00,91.859999999999999,91.980000000000004,90.564999999999998,90.790000000000006,13549159,137202,91.122983000000005
2025-01-15 05:00:00+00:00,91.064999999999998,91.724999999999994,90.810000000000002,91.340000000000003,17348174,133673,91.320430999999999
2025-01-16 05:00:00+00:00,91.5,91.719999999999999,90.120000000000005,91.299999999999997,13267723,140126,91.083976000000007
2025-01-17 05:00:00+00:00,92.069999999999993,92.260000000000005,91.049999999999997,91.939999999999998,15868213,122445,91.926306999999994
2025-01-21 05:00:00+00:00,92.480000000000004,94.239999999999995,92.310000000000002,93.079999999999998,23247451,183081,93.140556000000004
2025-01-22 05:00:00+00:00,93.769999999999996,94,92.519999999999996,93.230000000000004,15567057,141781,93.107378999999995
2025-01-23 05:00:00+00:00,92.959999999999994,93.810000000000002,92.319999999999993,93.810000000000002,14198438,132683,93.096321000000003
2025-01-24 05:00:00+00:00,93.540000000000006,95.010000000000005,93.454999999999998,94.760000000000005,14973773,148777,94.647430999999997
2025-01-27 05:00:00+00:00,95.900000000000006,97.459999999999994,94.819999999999993,97.400000000000006,18880614,205395,96.460123999999993
2025-01-28 05:00:00+00:00,97.230000000000004,97.840000000000003,96.725099999999998,97.290000000000006,14641621,150169,97.350285
2025-01-29 05:00:00+00:00,97.424999999999997,98.170000000000002,97.219999999999999,97.5,11261444,131023,97.658833999999999
2025-01-30 05:00:00+00:00,97.689999999999998,98.930000000000007,97.420000000000002,98.650000000000006,11012220,129663,98.540417000000005
2025-01-31 05:00:00+00:00,99,99,97.700000000000003,98.159999999999997,16413893,146041,98.147610999999998
2025-02-03 05:00:00+00:00,96.769999999999996,99.790000000000006,96.469999999999999,99.540000000000006,20465766,205966,99.034682000000004
2025-02-04 05:00:00+00:00,99.969999999999999,100.95,99.689999999999998,100.77,15156833,152939,100.45684900000001
2025-02-05 05:00:00+00:00,100.65000000000001,102.58,100.54000000000001,102.45999999999999,15926717,149334,101.97225899999999
2025-02-06 05:00:00+00:00,102.53,103.02,101.94,102.84999999999999,13088467,157597,102.502307
2025-02-07 05:00:00+00:00,103,103.11,101.11,101.15000000000001,12322942,148799,101.854472
2025-02-10 05:00:00+00:00,101.95,102.93000000000001,101.25,102.92,15266630,152417,102.328446
2025-02-11 05:00:00+00:00,102.62,102.84999999999999,101.84999999999999,102.47,11953632,144738,102.30765
2025-02-12 05:00:00+00:00,102.12,103.90000000000001,102.04000000000001,103.61,15162125,148198,103.384636
2025-02-13 05:00:00+00:00,104,105.23999999999999,103.53,105.05,12604413,148423,104.56357300000001
2025-02-14 05:00:00+00:00,105.3,105.3,103.59999999999999,104.04000000000001,14109460,168265,104.230474
2025-02-18 05:00:00+00:00,103.72,103.98999999999999,102.51000000000001,103.78,18247314,219489,103.296475
2025-02-19 05:00:00+00:00,103.84999999999999,104.2,102.55,104,18475616,211841,103.811066
2025-02-20 05:00:00+00:00,98.780000000000001,100.12,96.680800000000005,97.209999999999994,55450924,602853,97.619733999999994
2025-02-21 05:00:00+00:00,96.530000000000001,96.849999999999994,94.114999999999995,94.780000000000001,35014806,369689,95.120913000000002
2025-02-24 05:00:00+00:00,94.180000000000007,94.640000000000001,92.120000000000005,93.670000000000002,29755875,304516,93.525362000000001
2025-02-25 05:00:00+00:00,94.349999999999994,97.909999999999997,94.239999999999995,97.689999999999998,29331188,314427,96.774614999999997
2025-02-26 05:00:00+00:00,97.700000000000003,98.724999999999994,96.069999999999993,96.200000000000003,19069721,218548,97.117222999999996
2025-02-27 05:00:00+00:00,95.900000000000006,98.039900000000003,95.809200000000004,96.790000000000006,16431469,194244,97.149675999999999
2025-02-28 05:00:00+00:00,97.790000000000006,98.859999999999999,97.170000000000002,98.609999999999999,25451260,213854,98.191491999999997
2025-03-03 05:00:00+00:00,97.980000000000004,99.489999999999995,96.825000000000003,97.590000000000003,18372193,227267,98.004382000000007
2025-03-04 05:00:00+00:00,95.760000000000005,97.049999999999997,94.459999999999994,94.969999999999999,25227673,281944,95.558071999999996
2025-03-05 05:00:00+00:00,94.969999999999999,96.390000000000001,94.75,95.980000000000004,17638956,189849,95.759086999999994
2025-03-06 05:00:00+00:00,94.799999999999997,96.189999999999998,94.183300000000003,94.640000000000001,19957804,208542,95.090924999999999
2025-03-07 05:00:00+00:00,93.939999999999998,93.950000000000003,90.760000000000005,91.719999999999999,35913156,351086,92.034931
2025-03-10 04:00:00+00:00,89.760000000000005,90.230000000000004,86.609999999999999,87.819999999999993,35148837,411999,88.049706
2025-03-11 04:00:00+00:00,87.290000000000006,89.344999999999999,87.140000000000001,87.439999999999998,28687586,301908,87.992369999999994
2025-03-12 04:00:00+00:00,87.879999999999995,89.099999999999994,84.879999999999995,85.200000000000003,33301609,348263,85.959979000000004
2025-03-13 04:00:00+00:00,84.939999999999998,85.450000000000003,83.870000000000005,84.5,31507753,280845,84.518816999999999
2025-03-14 04:00:00+00:00,84.959999999999994,85.370000000000005,84.060000000000002,85.349999999999994,35500647,229429,85.060278999999994
2025-03-17 04:00:00+00:00,85.129999999999995,87.984999999999999,84.980000000000004,87.459999999999994,26297768,250761,87.321381000000002
2025-03-18 04:00:00+00:00,87.439999999999998,87.674999999999997,85.5,85.590000000000003,17850930,186539,85.962524999999999
2025-03-19 04:00:00+00:00,85.950000000000003,86.784999999999997,85.620000000000005,86.329999999999998,24555857,166366,86.203398000000007
2025-03-20 04:00:00+00:00,85.810000000000002,87.079999999999998,85.515000000000001,85.810000000000002,18185506,178200,86.112274999999997
2025-03-21 04:00:00+00:00,85.280000000000001,86.230000000000004,84.780000000000001,85.980000000000004,26797178,166030,85.790509999999998
2025-03-24 04:00:00+00:00,86.469999999999999,87.650000000000006,86.349999999999994,87.489999999999995,17900732,172271,87.146974
2025-03-25 04:00:00+00:00,86.760000000000005,87.305000000000007,84.620000000000005,84.760000000000005,27908573,282679,85.291472999999996
2025-03-26 04:00:00+00:00,85.189999999999998,85.560000000000002,84.569999999999993,85.209999999999994,27241495,222262,85.008600999999999
2025-03-27 04:00:00+00:00,84.775000000000006,86.109999999999999,84.775000000000006,85.629999999999995,16782807,184698,85.680806000000004
2025-03-28 04:00:00+00:00,85.430000000000007,85.829999999999998,84.700000000000003,85.150000000000006,14790567,172767,85.116786000000005
2025-03-31 04:00:00+00:00,84.760000000000005,88.200000000000003,84.370000000000005,87.790000000000006,30269313,266688,87.083236999999997
2025-04-01 04:00:00+00:00,87.534999999999997,89.109999999999999,87.370000000000005,88.829999999999998,22080252,238657,88.692389000000006
2025-04-02 04:00:00+00:00,88.200000000000003,90.144999999999996,88.117500000000007,89.760000000000005,19384137,220919,89.550211000000004
2025-04-03 04:00:00+00:00,86.280000000000001,89.879999999999995,86.280000000000001,87.260000000000005,33012927,364751,88.135402999999997
2025-04-04 04:00:00+00:00,85.640000000000001,87.390000000000001,82.650000000000006,83.189999999999998,36208909,409834,84.752616000000003
2025-04-07 04:00:00+00:00,80.239999999999995,86.260000000000005,79.810000000000002,83.829999999999998,36884944,412147,83.224228999999994
2025-04-08 04:00:00+00:00,85.849999999999994,86.965000000000003,81.030000000000001,81.790000000000006,34349812,369453,83.769503
2025-04-09 04:00:00+00:00,83.325000000000003,90.799999999999997,83.019999999999996,89.599999999999994,46627644,454315,87.512082000000007
2025-04-10 04:00:00+00:00,88.730000000000004,91.870000000000005,88.163399999999996,90.609999999999999,34735323,373867,90.304848000000007
2025-04-11 04:00:00+00:00,90.680000000000007,93.349999999999994,90.010000000000005,92.799999999999997,25508136,290661,92.193759999999997
2025-04-14 04:00:00+00:00,93.269999999999996,95.439999999999998,92.900000000000006,94.730000000000004,27742915,290012,94.460418000000004
2025-04-15 04:00:00+00:00,94.819999999999993,96.030000000000001,93.870000000000005,93.969999999999999,21871213,223942,94.738240000000005
2025-04-16 04:00:00+00:00,94,94.299999999999997,90.609999999999999,91.189999999999998,22229105,245100,91.697629000000006
2025-04-17 04:00:00+00:00,91.829999999999998,93.870000000000005,91.620000000000005,93.219999999999999,21393917,187939,92.949510000000004
2025-04-21 04:00:00+00:00,93.019999999999996,94.079999999999998,91.340000000000003,92.409999999999997,18361208,192087,92.260510999999994
2025-04-22 04:00:00+00:00,92.879999999999995,95.290000000000006,92.879999999999995,94.849999999999994,15407774,182608,94.603876
2025-04-23 04:00:00+00:00,95.016400000000004,96.599999999999994,94.161900000000003,94.959999999999994,18046886,197241,95.124206000000001
2025-04-24 04:00:00+00:00,94.709999999999994,96.215000000000003,93.6601,95.840000000000003,13444528,160867,95.470152999999996
2025-04-25 04:00:00+00:00,95.799999999999997,96.469999999999999,94.359999999999999,95.090000000000003,15317220,170853,95.116527000000005
2025-04-28 04:00:00+00:00,95.099999999999994,96,94.340000000000003,95.219999999999999,12950000,154130,95.164721
2025-04-29 04:00:00+00:00,94.840000000000003,96.180000000000007,94.420000000000002,96.040000000000006,12679025,128758,95.628111000000004
2025-04-30 04:00:00+00:00,95.939999999999998,97.780000000000001,94.930000000000007,97.25,21639860,195099,96.734009
2025-05-01 04:00:00+00:00,97.015000000000001,97.900000000000006,96.590000000000003,97.409999999999997,13171784,156177,97.373938999999993
2025-05-02 04:00:00+00:00,97.950000000000003,99.219999999999999,97.849999999999994,98.75,16031373,161566,98.667062000000001
2025-05-05 04:00:00+00:00,98.939999999999998,99.739999999999995,98.530000000000001,99.329999999999998,12439132,137469,99.348929999999996
2025-05-06 04:00:00+00:00,98.739999999999995,99.469999999999999,98.409999999999997,98.549999999999997,10625999,128514,98.817820999999995
2025-05-07 04:00:00+00:00,98.549999999999997,99.230800000000002,98.310000000000002,98.829999999999998,11310191,135174,98.819952000000001
2025-05-08 04:00:00+00:00,98.75,99.329999999999998,97.355000000000004,97.430000000000007,14461119,161321,98.033163000000002
2025-05-09 04:00:00+00:00,96.75,97.200000000000003,96.290000000000006,96.719999999999999,13697822,152512,96.775825999999995
2025-05-12 04:00:00+00:00,97.670000000000002,97.969999999999999,95.620000000000005,96.75,26783925,279694,96.462277999999998
2025-05-13 04:00:00+00:00,96.5,97.319999999999993,95.224999999999994,95.879999999999995,19746658,233606,96.153841999999997
2025-05-14 04:00:00+00:00,96.025000000000006,97.329999999999998,95.829999999999998,96.829999999999998,25620110,245052,96.740927999999997
2025-05-15 04:00:00+00:00,94.299999999999997,96.719999999999999,91.890000000000001,96.349999999999994,44026125,497891,94.905446999999995
2025-05-16 04:00:00+00:00,96.140000000000001,99.194599999999994,95.995000000000005,98.239999999999995,33746187,296600,98.031938999999994
2025-05-19 04:00:00+00:00,96.650000000000006,98.280000000000001,95.810000000000002,98.120000000000005,20041573,193177,97.691519999999997
2025-05-20 04:00:00+00:00,98.555000000000007,98.818299999999994,96.519999999999996,97.799999999999997,15609610,184261,97.724524000000002
2025-05-21 04:00:00+00:00,97.125,97.755600000000001,95.974999999999994,96.430000000000007,15742336,174059,96.724637000000001
2025-05-22 04:00:00+00:00,96.540000000000006,96.959999999999994,95.814999999999998,95.930000000000007,13712163,149296,96.218511000000007
2025-05-23 04:00:00+00:00,95.340000000000003,96.540000000000006,95,96.340000000000003,13668621,147702,96.054246000000006
2025-05-27 04:00:00+00:00,97.299999999999997,97.795000000000002,96.579999999999998,97.579999999999998,17180937,166213,97.439060999999995
2025-05-28 04:00:00+00:00,97.519999999999996,98.239999999999995,97.060000000000002,97.239999999999995,11220098,121590,97.469335000000001
2025-05-29 04:00:00+00:00,97.629999999999995,97.769999999999996,96.850899999999996,97.099999999999994,14343738,142517,97.278395000000003
2025-05-30 04:00:00+00:00,96.959999999999994,98.930000000000007,96.599999999999994,98.719999999999999,29980069,192256,98.452290000000005
2025-06-02 04:00:00+00:00,98.840000000000003,99.905000000000001,98.049999999999997,99.769999999999996,16999205,178812,99.176314000000005
2025-06-03 04:00:00+00:00,99.564999999999998,100.89,98.569999999999993,99.980000000000004,15598643,164566,99.681089
2025-06-04 04:00:00+00:00,99.790000000000006,100.13,99.319999999999993,99.349999999999994,11115649,132033,99.658986999999996
2025-06-05 04:00:00+00:00,99.295000000000002,99.590000000000003,97.605000000000004,97.959999999999994,15825276,169537,98.088989999999995
2025-06-06 04:00:00+00:00,98.370000000000005,98.560000000000002,96.969999999999999,97.469999999999999,15599294,163137,97.603718000000001
2025-06-09 04:00:00+00:00,97.400000000000006,97.849999999999994,96.769999999999996,97.450000000000003,13655700,155466,97.401159000000007
2025-06-10 04:00:00+00:00,97.290000000000006,98.089200000000005,96.480000000000004,97.319999999999993,17162468,151281,97.055756000000002
2025-06-11 04:00:00+00:00,97.290000000000006,97.290000000000006,95.349999999999994,95.799999999999997,16389620,169486,96.136148000000006
2025-06-12 04:00:00+00:00,94.890000000000001,95.260000000000005,93.430000000000007,94.829999999999998,17845704,212571,94.606147000000007
2025-06-13 04:00:00+00:00,94.519999999999996,95.319999999999993,94.004999999999995,94.439999999999998,18694739,192827,94.578819999999993
2025-06-16 04:00:00+00:00,94.75,95.780000000000001,94.094999999999999,94.290000000000006,14881663,163519,94.687268000000003
2025-06-17 04:00:00+00:00,93.950000000000003,94.819999999999993,93.620000000000005,94.25,14935630,143231,94.300827999999996
2025-06-18 04:00:00+00:00,94.569999999999993,95.489999999999995,94.090000000000003,95.090000000000003,11333690,123287,95.074054000000004
2025-06-20 04:00:00+00:00,95.239999999999995,96.310000000000002,95.200000000000003,96.120000000000005,20604918,142928,95.859967999999995
2025-06-23 04:00:00+00:00,95.920000000000002,97.930000000000007,95.670000000000002,97.870000000000005,20432351,182306,97.031949999999995
2025-06-24 04:00:00+00:00,97.730000000000004,99.105000000000004,97.25,98,22403655,175549,98.230761999999999
2025-06-25 04:00:00+00:00,98.310000000000002,98.560000000000002,97.150000000000006,97.260000000000005,11154676,135043,97.552554000000001
2025-06-26 04:00:00+00:00,96.900000000000006,97.340000000000003,95.915000000000006,96.019999999999996,19361417,179045,96.296346999999997
2025-06-27 04:00:00+00:00,96.319999999999993,97.760000000000005,96.159999999999997,97.269999999999996,31431912,188463,97.255187000000006
2025-06-30 04:00:00+00:00,97.230000000000004,98.140000000000001,96.310000000000002,97.780000000000001,17803030,170824,97.332605999999998
2025-07-01 04:00:00+00:00,97.599999999999994,99.189899999999994,97.4238,98.239999999999995,15635847,186214,98.415025
2025-07-02 04:00:00+00:00,98.125,98.381699999999995,97.055000000000007,97.609999999999999,12501965,139831,97.618093999999999
2025-07-03 04:00:00+00:00,97.700000000000003,98.480000000000004,97.420000000000002,98.359999999999999,7685804,90968,98.054685000000006
2025-07-07 04:00:00+00:00,98.230000000000004,99.349999999999994,97.620000000000005,99.349999999999994,12930913,163038,98.718931999999995
2025-07-08 04:00:00+00:00,98.819999999999993,99.170000000000002,96.510000000000005,97.090000000000003,16874954,188333,97.441664000000003
2025-07-09 04:00:00+00:00,97.150000000000006,97.290000000000006,96.379999999999995,96.810000000000002,13702615,140145,96.884583000000006
2025-07-10 04:00:00+00:00,96.659999999999997,96.780000000000001,94.734999999999999,94.859999999999999,18894787,218846,95.416691999999998
2025-07-11 04:00:00+00:00,95.004999999999995,95.534400000000005,94.230000000000004,94.400000000000006,14595047,150109,94.716150999999996
2025-07-14 04:00:00+00:00,94.510000000000005,95.840000000000003,94.379999999999995,95.780000000000001,13779084,144212,95.441615999999996
2025-07-15 04:00:00+00:00,95.599999999999994,95.780000000000001,94.935000000000002,95.390000000000001,10450759,135377,95.358183999999994
2025-07-16 04:00:00+00:00,95.415000000000006,95.829599999999999,94.605000000000004,95.150000000000006,11180844,136088,95.050729000000004
2025-07-17 04:00:00+00:00,95.075000000000003,95.629999999999995,94.890000000000001,95.090000000000003,11164900,133334,95.163439999999994
2025-07-18 04:00:00+00:00,95.084999999999994,95.480099999999993,94.430000000000007,95.049999999999997,14635668,121176,95.078731000000005
2025-07-21 04:00:00+00:00,95.254999999999995,96.640000000000001,95.099999999999994,95.670000000000002,13450359,147179,95.882529000000005
2025-07-22 04:00:00+00:00,95.840000000000003,96.670000000000002,95.739999999999995,95.849999999999994,9049130,119913,95.975116
2025-07-23 04:00:00+00:00,96.010000000000005,96.290000000000006,95.290000000000006,95.680000000000007,9729672,120757,95.663106999999997
2025-07-24 04:00:00+00:00,95.569999999999993,96.954999999999998,95.349999999999994,96.599999999999994,14991517,149695,96.540729999999996
2025-07-25 04:00:00+00:00,96.840000000000003,97.650000000000006,96.530000000000001,97.469999999999999,12868466,138942,97.326789000000005
2025-07-28 04:00:00+00:00,97.280000000000001,98.125,97.075000000000003,97.609999999999999,12293060,137073,97.548219000000003
2025-07-29 04:00:00+00:00,97.780000000000001,98.719999999999999,97.340000000000003,98.329999999999998,14034265,137295,98.245137999999997
2025-07-30 04:00:00+00:00,98.609999999999999,98.879999999999995,97.290000000000006,97.590000000000003,13864044,135831,97.785398000000001
2025-07-31 04:00:00+00:00,97.439999999999998,98.629999999999995,97.310000000000002,97.980000000000004,15651348,145579,98.076991000000007
2025-08-01 04:00:00+00:00,98,98.829999999999998,97.670500000000004,98.489999999999995,16750407,177592,98.357112000000001
2025-08-04 04:00:00+00:00,98.200000000000003,99.909999999999997,98.200000000000003,99.590000000000003,19050206,155879,99.475238000000004
2025-08-05 04:00:00+00:00,99.670000000000002,100.47,98.909999999999997,99.310000000000002,17977008,149335,99.470229000000003
2025-08-06 04:00:00+00:00,99.459999999999994,103.685,99.459999999999994,103.36,23738420,229317,102.760243
2025-08-07 04:00:00+00:00,103.45999999999999,103.90000000000001,102.11,103.12,12509479,150680,102.87061799999999
2025-08-08 04:00:00+00:00,103.37,104.72,103.15000000000001,103.73,12394722,150670,104.061156
2025-08-11 04:00:00+00:00,103.90000000000001,104.33,103.11,103.93000000000001,12856706,139844,103.734926
2025-08-12 04:00:00+00:00,104.25,104.31,103.37,103.62,17919327,134445,103.7988
2025-08-13 04:00:00+00:00,102.15000000000001,102.80500000000001,100.84999999999999,100.98999999999999,19398499,214517,101.50390899999999
2025-08-14 04:00:00+00:00,101.22,101.44,100.72,100.84999999999999,10858447,129388,100.987133
2025-08-15 04:00:00+00:00,100.63,100.77,99.540199999999999,100,13604944,126698,100.043656
2025-08-18 04:00:00+00:00,100,100.875,99.915000000000006,100.7,11656135,121569,100.541324
2025-08-19 04:00:00+00:00,100.95999999999999,102.43000000000001,100.8,101.29000000000001,16999004,146032,101.523006
2025-08-20 04:00:00+00:00,101.15000000000001,102.65000000000001,100.93000000000001,102.56999999999999,18655026,184133,102.32093500000001
2025-08-21 04:00:00+00:00,99.409999999999997,99.450000000000003,96.950000000000003,97.959999999999994,51825050,515990,97.898374000000004
2025-08-22 04:00:00+00:00,98.064999999999998,99.049999999999997,96.760000000000005,96.829999999999998,32695177,281874,97.465754000000004
2025-08-25 04:00:00+00:00,97,97.579999999999998,96.069999999999993,96.069999999999993,18956143,220699,96.613108999999994
2025-08-26 04:00:00+00:00,96.275000000000006,96.469999999999999,95.420000000000002,96.049999999999997,22270353,170765,95.928225999999995
2025-08-27 04:00:00+00:00,95.900000000000006,96.314999999999998,95.599999999999994,96.079999999999998,12925656,146450,96.017926000000003
2025-08-28 04:00:00+00:00,96,96.569999999999993,95.700000000000003,96.109999999999999,19241634,159354,96.150051000000005
2025-08-29 04:00:00+00:00,96.099999999999994,97.025000000000006,95.795000000000002,96.980000000000004,15598041,155304,96.641800000000003
2025-09-02 04:00:00+00:00,97.230000000000004,97.849999999999994,96.510000000000005,97.849999999999994,15351293,181907,97.476746000000006
2025-09-03 04:00:00+00:00,97.849999999999994,99.439999999999998,97.5,99.439999999999998,18995914,187542,98.802214000000006
2025-09-04 04:00:00+00:00,99.909999999999997,101.34999999999999,99.650000000000006,100.93000000000001,15640895,187776,100.684648
2025-09-05 04:00:00+00:00,101.08,101.48,99.549999999999997,100.51000000000001,13742226,155233,100.220899
2025-09-08 04:00:00+00:00,100.84999999999999,102.36,100.42,102.28,13685735,160782,101.774108
2025-09-09 04:00:00+00:00,102,102.48999999999999,101.55,102.29000000000001,11819663,150690,102.198217
2025-09-10 04:00:00+00:00,101.95,102.4499,100.39,100.41,17934871,179107,101.018778
2025-09-11 04:00:00+00:00,100.98999999999999,102.77500000000001,100.28,102.65000000000001,15889893,185227,102.231103
2025-09-12 04:00:00+00:00,102.535,103.97499999999999,102.36,103.48999999999999,11641926,138779,103.404855
2025-09-15 04:00:00+00:00,103.65000000000001,103.98,103.405,103.69,10756876,139657,103.671598
2025-09-16 04:00:00+00:00,103.84999999999999,104.20999999999999,103.13,103.42,14481863,154729,103.509269
2025-09-17 04:00:00+00:00,103.73,106.11,103.73,104.27,25382015,258894,104.903704
2025-09-18 04:00:00+00:00,103.78,104.63500000000001,102.12,103.59999999999999,14869387,179505,103.773186
2025-09-19 04:00:00+00:00,103.81,103.94,102.09,102.33,34791573,184109,102.657023
2025-09-22 04:00:00+00:00,102.45,103.2,101.9211,102.81999999999999,12861946,162638,102.76918000000001
2025-09-23 04:00:00+00:00,102.41,102.68000000000001,101.33,102.52,13158658,170481,102.127601
2025-09-24 04:00:00+00:00,103.04000000000001,103.47,102.47499999999999,102.73,11391834,136188,102.804543
2025-09-25 04:00:00+00:00,103.215,103.51000000000001,102.58,103.05,13366747,169791,103.101626
2025-09-26 04:00:00+00:00,102.875,103.48999999999999,102.47,103.16,11859265,148108,103.01885799999999
2025-09-29 04:00:00+00:00,103.05,103.31,102.075,103.08,15477159,208359,102.77318
2025-09-30 04:00:00+00:00,103,103.935,102.72,103.06,13873389,182187,103.235347
2025-10-01 04:00:00+00:00,102.56,102.86,100.55,101.95999999999999,16142766,219503,101.46807800000001
2025-10-02 04:00:00+00:00,101.45,102.13500000000001,99.870000000000005,101.7,15605363,225214,101.24469999999999
2025-10-03 04:00:00+00:00,101.45999999999999,102.815,101.2,102.06999999999999,11867483,181084,102.139836
2025-10-06 04:00:00+00:00,101.88,103.065,101.58,102.7,13303560,191098,102.595705
2025-10-07 04:00:00+00:00,102.38,103.25,100.95,103.23999999999999,15538855,210504,102.32194
2025-10-08 04:00:00+00:00,103.02,103.26000000000001,102.15000000000001,102.90000000000001,13584084,153748,102.818753
2025-10-09 04:00:00+00:00,103.13,103.45,100.37,101.77,19508017,243234,101.47308099999999
2025-10-10 04:00:00+00:00,102.05,103.62909999999999,101.52,101.84,18519435,255861,102.359723
2025-10-13 04:00:00+00:00,101.37,102.45,101.06999999999999,102.12,10871182,182604,101.93605599999999
2025-10-14 04:00:00+00:00,104.05,107.92,102.8921,107.20999999999999,30859504,393534,106.118561
2025-10-15 04:00:00+00:00,107.31999999999999,109.55500000000001,107.3,109.03,21416294,281202,108.887781
2025-10-16 04:00:00+00:00,109.2,109.575,105.66,106.47,16366166,230666,106.858662
2025-10-17 04:00:00+00:00,107.17,108.2,106.22,107.73,13735594,191118,107.491764
2025-10-20 04:00:00+00:00,107.84999999999999,108.25,106.61,107.05,10581220,186688,107.005486
2025-10-21 04:00:00+00:00,107.33,107.48,106.18000000000001,106.22,10899733,169821,106.63521799999999
2025-10-22 04:00:00+00:00,106.55,107.765,105.655,107.14,12296490,200898,107.07840899999999
2025-10-23 04:00:00+00:00,107.34999999999999,107.56999999999999,105.78,106.86,11408241,167375,106.63489300000001
2025-10-24 04:00:00+00:00,107.06999999999999,107.16500000000001,105.51000000000001,106.17,10317959,169612,106.207611
2025-10-27 04:00:00+00:00,106.34,106.36,104.15000000000001,104.47,16375860,235356,104.84603300000001
2025-10-28 04:00:00+00:00,104.06,104.14,103.05,103.17,13322994,214136,103.506715
2025-10-29 04:00:00+00:00,102.905,103.67,102.11,102.45999999999999,11986407,209526,102.74579199999999
2025-10-30 04:00:00+00:00,102.2,103.37,101.95999999999999,102.23,14064977,215534,102.581763
2025-10-31 04:00:00+00:00,101.7,102.095,100.18000000000001,101.18000000000001,20236918,273767,101.11717400000001
2025-11-03 05:00:00+00:00,100.815,101.8,100.40000000000001,101.59,14811687,235916,101.20630199999999
2025-11-04 05:00:00+00:00,102.13,102.62,101.45999999999999,102.27,12636350,204859,102.16319900000001
2025-11-05 05:00:00+00:00,101.73999999999999,102.675,100.84999999999999,101.47,13356821,205580,101.70570600000001
2025-11-06 05:00:00+00:00,101.34,101.93000000000001,100.03,101.68000000000001,14866025,201238,101.349693
2025-11-07 05:00:00+00:00,102.13,102.97,101.73,102.59,17248716,231211,102.532797
2025-11-10 05:00:00+00:00,102.15000000000001,102.66500000000001,101.602,102.42,14507603,204835,102.200947
2025-11-11 05:00:00+00:00,102.5,103.73999999999999,102.31999999999999,103.44,13182144,190282,103.20018399999999
2025-11-12 05:00:00+00:00,103.34999999999999,103.5981,102.663,103.44,12084407,172907,103.301706
2025-11-13 05:00:00+00:00,103.59,103.93000000000001,102.02,102.54000000000001,18088506,248692,102.661841
2025-11-14 05:00:00+00:00,100.2,102.48999999999999,98.879999999999995,102.48,23424211,298274,101.419076
2025-11-17 05:00:00+00:00,102.58,103.315,102.1001,102.95,15289373,230600,102.851184
2025-11-18 05:00:00+00:00,102.98,103.3428,101.38,101.39,17604460,242665,102.042373
2025-11-19 05:00:00+00:00,101.58,101.7101,99.680000000000007,100.61,22157029,302605,100.39328
2025-11-20 05:00:00+00:00,103.94,107.91,102.68000000000001,107.11,50375920,603120,106.54077599999999
2025-11-21 05:00:00+00:00,107.98,108.15000000000001,104.7244,105.31999999999999,41420780,433711,105.920659
2025-11-24 05:00:00+00:00,105.36,106.27,103.76000000000001,104.06,42519159,297508,104.427339
2025-11-25 05:00:00+00:00,104.61,107.42,104.23,107,20212882,250062,106.475567
2025-11-26 05:00:00+00:00,107.2,109.59,107.17,109.09999999999999,17783281,241973,108.983447
2025-11-28 05:00:00+00:00,109.3,110.7,109,110.51000000000001,9846525,150698,110.16370499999999
2025-12-01 05:00:00+00:00,110.51000000000001,111.755,110.36,111.53,17236750,237953,111.313982
2025-12-02 05:00:00+00:00,111.47,112.64749999999999,110.79000000000001,112.41,18711768,248287,111.77358
2025-12-03 05:00:00+00:00,112.5,114.89,112.221,114.41,24478281,289626,114.034459
2025-12-04 05:00:00+00:00,113.62,114.88500000000001,113.1631,114.84,25905147,277604,114.17421
2025-12-05 05:00:00+00:00,114.73,116.27,114.675,115.11,23956427,270554,115.362954
2025-12-08 05:00:00+00:00,114.56999999999999,114.98999999999999,112.3,113.56,22700747,276369,113.452406
2025-12-09 05:00:00+00:00,113.95,115.72,113.021,115.06,24326690,207273,114.705215
2025-12-10 05:00:00+00:00,115.34999999999999,116.23,112.98999999999999,113.18000000000001,22859578,215520,113.884423
2025-12-11 05:00:00+00:00,113.14,115.87,112.84999999999999,115.52,21586640,205397,114.942165
2025-12-12 05:00:00+00:00,115.26000000000001,116.95,115.02,116.7,19092414,208031,116.241001
2025-12-15 05:00:00+00:00,116.925,117.45,115.64,116.79000000000001,18713743,219059,116.53661099999999
2025-12-16 05:00:00+00:00,116.575,116.88,114.95,115.42,19642346,200570,115.642392
2025-12-17 05:00:00+00:00,115.2,116.3897,115.06999999999999,115.66,16177750,169286,115.754238
2025-12-18 05:00:00+00:00,115.01000000000001,116.48,114.61,114.83,21476675,207879,115.235693
2025-12-19 05:00:00+00:00,115.13500000000001,115.28,113.52500000000001,114.36,50043755,212173,114.41902899999999
2025-12-22 05:00:00+00:00,114.01000000000001,114.31999999999999,112.22,112.59999999999999,21473912,225514,112.75482
2025-12-23 05:00:00+00:00,111.98999999999999,112.349,110.7,110.90000000000001,20319917,213568,111.355514
2025-12-24 05:00:00+00:00,110.90000000000001,111.70999999999999,110.55,111.61,9009629,96695,111.26969800000001
2025-12-26 05:00:00+00:00,111.72,111.97,111.36,111.73999999999999,9003791,123363,111.74712599999999
2025-12-29 05:00:00+00:00,111.59,112.78,111.56999999999999,112.53,12979573,168558,112.31476499999999
2025-12-30 05:00:00+00:00,111.89,112.69,111.83499999999999,111.92,11730590,132796,112.073915
2025-12-31 05:00:00+00:00,111.73,112.25,111.315,111.41,11487434,119189,111.533643
2026-01-02 05:00:00+00:00,111.425,112.79000000000001,111.12,112.76000000000001,14306560,167588,112.27544399999999
2026-01-05 05:00:00+00:00,112.81999999999999,113.73,112.14830000000001,112.70999999999999,19535005,210159,112.910706
2026-01-06 05:00:00+00:00,112.40000000000001,114.79000000000001,111.98999999999999,114.34,20120817,220213,113.776821
2026-01-07 05:00:00+00:00,114.185,114.73,112.09999999999999,112.72,23306003,227460,113.13945200000001
2026-01-08 05:00:00+00:00,111.29000000000001,113.47,109.8124,113.06999999999999,24058262,271235,112.19480299999999
2026-01-09 05:00:00+00:00,112.255,115.455,112.255,114.53,21902859,244566,114.49198699999999
2026-01-12 05:00:00+00:00,117.5,118.84,116.4115,117.97,49182081,437144,117.91462300000001
2026-01-13 05:00:00+00:00,117.89,120.51000000000001,117.73,120.36,31222058,343221,119.841554
2026-01-14 05:00:00+00:00,120.19,121.235,119.03,120.04000000000001,32764044,358938,120.017651
2026-01-15 05:00:00+00:00,119.98,120.87,118.73,119.2,34559430,371323,119.742305
2026-01-16 05:00:00+00:00,118.67,120.59999999999999,116.90000000000001,119.7,415144621,497084,119.549184
2026-01-20 05:00:00+00:00,120.89,121.62,117.61,118.70999999999999,45333984,347001,119.030621
2026-01-21 05:00:00+00:00,118.075,120.48999999999999,117.545,119.36,34811697,279162,118.97081300000001
2026-01-22 05:00:00+00:00,119.29000000000001,119.52,117.65000000000001,117.83,24547334,211280,118.231899
2026-01-23 05:00:00+00:00,118.17,118.61,117.13630000000001,117.73,20806906,188275,117.93306699999999
2026-01-26 05:00:00+00:00,117.81,118.84999999999999,117.39,117.64,19552228,166977,117.871402
2026-01-27 05:00:00+00:00,117.5,117.63,115.48,116.94,22968630,215214,116.476957
2026-01-28 05:00:00+00:00,116.63500000000001,117.4567,115.86499999999999,116.56999999999999,16341996,181810,116.591824
2026-01-29 05:00:00+00:00,116.45,117.655,116.06999999999999,117.41,16381111,190114,117.224746
2026-01-30 05:00:00+00:00,116.905,119.41,116.59999999999999,119.14,22215386,213676,118.613984
2026-02-02 05:00:00+00:00,119.5,124.2,119.05,124.06,31210059,271294,123.021687
2026-02-03 05:00:00+00:00,123.65000000000001,128.16499999999999,123.65000000000001,127.70999999999999,32018678,351044,126.97171400000001
2026-02-04 05:00:00+00:00,128.13,129.41,127.09,128,27531790,301904,128.22187299999999
2026-02-05 05:00:00+00:00,128.58000000000001,129.59999999999999,126.56,126.94,30517793,323862,127.749734
2026-02-06 05:00:00+00:00,127.29000000000001,131.69999999999999,127.05,131.18000000000001,26593427,277309,130.154977
2026-02-09 05:00:00+00:00,131.41999999999999,131.78989999999999,128.09,129.02000000000001,27197291,255775,129.35107300000001
2026-02-10 05:00:00+00:00,128.94,129.34,126.39,126.7,24661953,206799,127.20661800000001
2026-02-11 05:00:00+00:00,126.69499999999999,129.74000000000001,126.63,128.77000000000001,19232142,216796,128.64152999999999
2026-02-12 05:00:00+00:00,129.38,134.49000000000001,129.31,133.63999999999999,33382692,342191,133.23175699999999
2026-02-13 05:00:00+00:00,132.69999999999999,134.65000000000001,131.75,133.88999999999999,24131179,260889,133.55571
2026-02-17 05:00:00+00:00,133.11000000000001,134.69,128.16,128.84999999999999,37995927,387202,129.84918099999999
2026-02-18 05:00:00+00:00,128.13,128.86500000000001,125.77,126.62,36484996,384913,126.85235299999999
2026-02-19 05:00:00+00:00,128.5,130.09999999999999,124.40000000000001,124.87,42993256,506092,126.79548699999999
2026-02-20 05:00:00+00:00,123,123.48,121.05,122.98999999999999,35150954,368293,122.340068
2026-02-23 05:00:00+00:00,123.52,126.8,122.95999999999999,125.81,25685299,296745,125.57483000000001
2026-02-24 05:00:00+00:00,125.90000000000001,128.03999999999999,124.91,126.75,20179302,220165,126.83087
2026-02-25 05:00:00+00:00,126.605,127.40000000000001,125.42,125.75,17364629,189245,126.09555400000001
2026-02-26 05:00:00+00:00,125.98,127.33,123.94,124.42,18656919,209179,124.824569
2026-02-27 05:00:00+00:00,125.515,128.59999999999999,125.145,127.95,29225210,237331,127.61702699999999
2026-03-02 05:00:00+00:00,127.45999999999999,128.75,127.05,127.09999999999999,17114000,215930,127.592901
2026-03-03 05:00:00+00:00,126.52,128.3683,125.67,127.91,16497329,212718,127.34527
2026-03-04 05:00:00+00:00,127.11,128.16999999999999,126.2401,127.81,16452445,193716,127.60180800000001
2026-03-05 05:00:00+00:00,125.38,125.67919999999999,121.65000000000001,123.31,28626294,328740,123.132036
2026-03-06 05:00:00+00:00,122.495,124.185,121.62,123.8,21572256,231620,123.375749
2026-03-09 04:00:00+00:00,123.6885,124.505,122.5,124.34,19397431,240862,123.744416
2026-03-10 04:00:00+00:00,124.20999999999999,126.0988,123.34999999999999,125.12,18813806,211352,125.190228
2026-03-11 04:00:00+00:00,125.30500000000001,125.48999999999999,123.05,123.48999999999999,18196153,197239,123.961291
2026-03-12 04:00:00+00:00,122.295,125.39,122.28,125.33,21770171,216299,124.534175
2026-03-13 04:00:00+00:00,125.39,126.685,124.97,126.52,15213221,208568,126.26561100000001
2026-03-16 04:00:00+00:00,126.76000000000001,126.98,124.83,125.98999999999999,20485410,189696,125.76720899999999
2026-03-17 04:00:00+00:00,126.65000000000001,127.19,124.8601,125.08,19912394,176224,125.573786
2026-03-18 04:00:00+00:00,124.333,124.6099,121.83,121.98,19754666,211720,122.51212599999999
2026-03-19 04:00:00+00:00,122.40000000000001,122.75,119.27,121.09,17946192,226760,120.752909
2026-03-20 04:00:00+00:00,120.63,121.3,118.02,119.02,57565306,254257,119.333012
2026-03-23 04:00:00+00:00,120.48,121.13,119.045,120.72,22202361,231037,120.56708999999999
2026-03-24 04:00:00+00:00,120.625,124.11,120.48999999999999,122.05,17287409,209045,122.49227399999999
2026-03-25 04:00:00+00:00,122.81,123.485,121.7784,123.06,16614546,197230,122.89361599999999
2026-03-26 04:00:00+00:00,123.61,123.8,121.79000000000001,122.18000000000001,16458771,185104,122.498288
2026-03-27 04:00:00+00:00,122.03,124.27,121.81999999999999,122.89,16562035,200164,123.14535100000001
2026-03-30 04:00:00+00:00,123.70999999999999,125.26000000000001,123.14,123.5,20449808,233757,123.764661
2026-03-31 04:00:00+00:00,123.43000000000001,125,122.84,124.28,21348107,226060,124.06908199999999
2026-04-01 04:00:00+00:00,123.8,125.23,123.13,124.73999999999999,17058064,214484,124.440065
2026-04-02 04:00:00+00:00,125.15000000000001,125.90000000000001,124.15000000000001,125.79000000000001,11914700,170004,125.395019
2026-04-06 04:00:00+00:00,125.81,126.98,125.37,126.79000000000001,10875322,162916,126.583634
2026-04-07 04:00:00+00:00,126.19,126.36,121.79000000000001,122.48999999999999,16097379,217350,123.04310599999999
2026-04-08 04:00:00+00:00,122.28,127.3,121.33,127.26000000000001,20213878,241565,125.865431
2026-04-09 04:00:00+00:00,127.08499999999999,129.69,126.81999999999999,129.13,13871127,186400,128.91592700000001
2026-04-10 04:00:00+00:00,128.715,128.928,126.22,126.77,13913205,184004,126.963616
2026-04-13 04:00:00+00:00,126.29000000000001,126.3,123.95,124.56999999999999,14533341,189154,124.705511
2026-04-14 04:00:00+00:00,123.15000000000001,125.2,122.545,125.05,15340020,193974,124.452887
2026-04-15 04:00:00+00:00,124.63,125.06999999999999,123.1799,124.76000000000001,17020860,209963,124.40487299999999
2026-04-16 04:00:00+00:00,124.33,125.94,123.965,124.81999999999999,18341198,212228,124.83720599999999
2026-04-17 04:00:00+00:00,124.56999999999999,127.56999999999999,123.37,127.5,24782606,219269,126.2055
2026-04-20 04:00:00+00:00,127.87,129.47,127.31999999999999,127.92,18948337,177999,128.061567
2026-04-21 04:00:00+00:00,127.83,129.77000000000001,127.48,129.59999999999999,17331113,187090,129.19920200000001
2026-04-22 04:00:00+00:00,130,130.44990000000001,128.84,129.97999999999999,17643023,182049,129.90460999999999
2026-04-23 04:00:00+00:00,130.56999999999999,132.46000000000001,130.49000000000001,132.03,16394795,192319,131.84478200000001
2026-04-24 04:00:00+00:00,131.94,132.12,129.28120000000001,129.91999999999999,16037346,206372,130.1712
2026-04-27 04:00:00+00:00,129.61500000000001,129.81,127.395,127.59,17045504,160930,128.042619
2026-04-28 04:00:00+00:00,129.34,129.77000000000001,126.78,127.59,16359957,184588,127.78328999999999
2026-04-29 04:00:00+00:00,126.68000000000001,128.08000000000001,125.91,128.00999999999999,16556785,174123,127.43611300000001
2026-04-30 04:00:00+00:00,128.02000000000001,132.43000000000001,127.95,131.93000000000001,19886140,202527,131.48132100000001
2026-05-01 04:00:00+00:00,131.91499999999999,133.37,130.97999999999999,131.59999999999999,10500555,160051,131.94848500000001
2026-05-04 04:00:00+00:00,130.41,131.75,129.68000000000001,130.33000000000001,10359879,166874,130.41047
2026-05-05 04:00:00+00:00,130.50999999999999,131.72999999999999,130.30000000000001,130.78999999999999,10654926,153388,130.91383300000001
2026-05-06 04:00:00+00:00,130.86000000000001,131.15000000000001,129.53,130.08000000000001,16390379,198345,130.10751999999999
2026-05-07 04:00:00+00:00,129.89500000000001,130.59999999999999,128.66499999999999,130.19999999999999,14954106,192063,129.94677799999999
2026-05-08 04:00:00+00:00,130.315,131.41,130.25,130.43000000000001,15211869,176470,130.64999299999999
2026-05-11 04:00:00+00:00,130.18000000000001,130.59999999999999,126.38,127.59,18723981,243225,127.68742399999999
2026-05-12 04:00:00+00:00,128.07499999999999,131.12,127.72,130.34999999999999,17953809,230421,130.046558
2026-05-13 04:00:00+00:00,129.19,132.53,128.77000000000001,131.47,13804346,183828,131.13193100000001
2026-05-14 04:00:00+00:00,131.35499999999999,132.78,130.86000000000001,132.46000000000001,14217920,166232,132.20630199999999
2026-05-15 04:00:00+00:00,133.69,133.94999999999999,130.785,131.44999999999999,25340971,196245,131.86076600000001
2026-05-18 04:00:00+00:00,131.52000000000001,133.47,131.125,133.34,17203787,230295,132.675613
2026-05-19 04:00:00+00:00,132.94,135.155,132.06,134.19999999999999,16975765,228367,134.14445000000001
2026-05-20 04:00:00+00:00,132.905,133.65000000000001,130.33000000000001,130.84999999999999,28491056,307318,131.54339999999999
2026-05-21 04:00:00+00:00,124.408,125.8,120.39,121.34,53038946,672596,121.769396
2026-05-22 04:00:00+00:00,121.34,121.95,118.91,120.27,30358088,376615,120.130319
2026-05-26 04:00:00+00:00,120.685,121.05,117.92,118.56999999999999,28828110,344689,118.754013
2026-05-27 04:00:00+00:00,118.33,119.4299,118.04000000000001,118.54000000000001,22084008,272772,118.68112600000001
2026-05-28 04:00:00+00:00,118.95999999999999,119.17,117.33,118.90000000000001,21636291,279086,118.48922899999999
2026-05-29 04:00:00+00:00,118.11,119.08,114.70999999999999,115.75,42218024,395996,115.906882
2026-06-01 04:00:00+00:00,114.72499999999999,115.98,113.56,114.59999999999999,26207107,334582,114.468169
2026-06-02 04:00:00+00:00,113.87,114.5694,112.73,113.06,27389582,281107,113.26683800000001
2026-06-03 04:00:00+00:00,113.09999999999999,117.29000000000001,112.95999999999999,116.89,32902943,362915,116.398972
2026-06-04 04:00:00+00:00,119.895,119.938,117.285,117.73999999999999,22889287,285488,118.226466
2026-06-05 04:00:00+00:00,118.34999999999999,120.89,118.09999999999999,118.88,36659996,411047,119.65736099999999
2026-06-08 04:00:00+00:00,118.245,120.18000000000001,118.15000000000001,119.83,19535794,236915,119.70418600000001
2026-06-09 04:00:00+00:00,120.38,120.5,118,118.88,23955011,272895,119.109132
2026-06-10 04:00:00+00:00,119.70999999999999,120.8192,117.53,120.59,22433084,270121,119.724435
2026-06-11 04:00:00+00:00,120.56999999999999,121.86,119.45999999999999,120.5,22453586,256656,120.748812
2026-06-12 04:00:00+00:00,120.59,121.61,119.53,121.04000000000001,14787785,207645,120.57727800000001
2026-06-15 04:00:00+00:00,119.73999999999999,121.48999999999999,118.58,120.81999999999999,20743039,214193,120.36868699999999
2026-06-16 04:00:00+00:00,121.14,122.94,119.88,121.03,23077499,255095,121.219812
2026-06-17 04:00:00+00:00,119.58,121.01000000000001,117.45,118.13,21728375,264360,118.498153
2026-06-18 04:00:00+00:00,118.2,118.48,116.795,117.18000000000001,36543621,228376,117.437639
2026-06-22 04:00:00+00:00,116.955,118.40000000000001,116.94499999999999,117.18000000000001,17074288,206897,117.368962
2026-06-23 04:00:00+00:00,119.70999999999999,120.25,116.34,119.42,23426300,272611,119.492029
2026-06-24 04:00:00+00:00,119.56,120.40000000000001,118.93000000000001,119,20615608,218389,119.354765
2026-06-25 04:00:00+00:00,117.47,118.58,115.38,115.78,20420534,244720,116.420233
2026-06-26 04:00:00+00:00,117.29000000000001,117.88,115.09,115.69,36654133,250553,116.04824600000001
2026-06-29 04:00:00+00:00,116.47,116.8,114.2,114.59999999999999,20388468,261828,114.905675
2026-06-30 04:00:00+00:00,113.97,114.61,112.93000000000001,113.26000000000001,23052070,254893,113.458113
2026-07-01 04:00:00+00:00,110.13,110.70999999999999,107.25,108.81999999999999,40417418,483264,108.367352
2026-07-02 04:00:00+00:00,109.33,112.45,109.16,111.84,29544722,322120,111.539444
2026-07-06 04:00:00+00:00,111.40000000000001,112.37,109.37,110.65000000000001,29548302,292814,110.511633
2026-07-07 04:00:00+00:00,112.968,113.5,111.3,111.54000000000001,19957246,242361,111.971079
2026-07-08 04:00:00+00:00,113.15000000000001,113.86,111.81,113.09999999999999,19908095,229706,113.037947
2026-07-09 04:00:00+00:00,111.23999999999999,112.76000000000001,111.04000000000001,112.20999999999999,20480737,221100,112.055638
2026-07-10 04:00:00+00:00,111.95,114.16,111.9301,113.90000000000001,12477792,175359,113.616699
2026-07-13 04:00:00+00:00,114.72499999999999,115.54000000000001,114.01000000000001,114.78,17066301,221655,114.77448099999999
2026-07-14 04:00:00+00:00,115.08,115.88,113.5,113.7,14697044,195801,114.28336299999999
2026-07-15 04:00:00+00:00,113.25,114.73,112.06999999999999,112.53,16483751,212300,113.23011200000001
2026-07-16 04:00:00+00:00,113.76000000000001,115.58499999999999,113.55500000000001,114.95,20793156,256863,114.77341300000001
2026-07-17 04:00:00+00:00,116.95999999999999,118.09,113.59999999999999,114.23999999999999,28306037,263391,115.150941
2026-07-20 04:00:00+00:00,113.95999999999999,114.40000000000001,112.14,112.2,17758265,231287,112.71865
2026-07-21 04:00:00+00:00,111.51000000000001,111.8,109.89,110.39,22734540,277360,110.592646
2026-07-22 04:00:00+00:00,109.53,110,108.72,109.33,23511692,266801,109.26624
2026-07-23 04:00:00+00:00,107.505,108.55500000000001,106.79000000000001,108.40000000000001,21520871,273206,107.972925
2026-07-24 04:00:00+00:00,108.12,109.59999999999999,108.01000000000001,109.47,18407500,239461,109.1615
2026-07-27 04:00:00+00:00,109.92,112.51000000000001,109.89,111.73999999999999,19019589,250165,111.50727000000001
2026-07-28 04:00:00+00:00,113.95999999999999,116.03,112.83499999999999,113.09999999999999,24865956,307769,114.11105999999999
2026-07-29 04:00:00+00:00,113.23,114.69,112.45,114.22,23471577,275341,113.935773
2026-07-30 04:00:00+00:00,111.61,113.02589999999999,110.435,111.09999999999999,28745193,329055,111.292224
2026-07-31 04:00:00+00:00,110.52,111.91,109.89,111.2,22804664,261250,111.227507
2026-08-03 04:00:00+00:00,113.09999999999999,113.29000000000001,110.155,110.70999999999999,23940149,262761,110.874814
2026-08-04 04:00:00+00:00,109.005,111.68000000000001,108.56,111.55,29616310,294562,110.66578800000001
2026-08-05 04:00:00+00:00,112.45,113.155,111.36,112.34,21458513,258144,112.142854
2026-08-06 04:00:00+00:00,114.065,114.56,111.035,112.06999999999999,23183987,250502,112.100617
2026-08-07 04:00:00+00:00,110.61,112.29000000000001,110.5,111.84999999999999,18820823,201473,111.593248
2026-08-10 04:00:00+00:00,111.075,112.7,110.76000000000001,112.66,19158130,211234,111.945357
2026-08-11 04:00:00+00:00,112.44,113.34,112.19,113.26000000000001,17016605,188530,112.890743
2026-08-12 04:00:00+00:00,112.36499999999999,116.045,112.28,116.01000000000001,22028701,261690,115.162604
2026-08-13 04:00:00+00:00,116.17,116.31999999999999,114.80500000000001,115.72,16808596,203817,115.47591199999999
2026-08-14 04:00:00+00:00,115.655,116.45,114.63500000000001,115.27,14530369,189110,115.360428
2026-08-17 04:00:00+00:00,114.33,115.18000000000001,113.91500000000001,114.33,18125874,213117,114.454937
2026-08-18 04:00:00+00:00,116.3,116.31,114.48,115.2,20685101,261521,115.438119
2026-08-19 04:00:00+00:00,115.19,116.87,113.98999999999999,114.3,34269806,306510,115.201116
2026-08-20 04:00:00+00:00,106.38,107,102.84999999999999,103.84,83608816,939341,103.960414
2026-08-21 04:00:00+00:00,103.685,104.28,102.15000000000001,103.7,44490796,479473,103.04126100000001
2026-08-24 04:00:00+00:00,104.14,106.595,104,106.48999999999999,35634492,352661,105.482893
2026-08-25 04:00:00+00:00,105.58,106.06999999999999,104.40000000000001,105.38,27037657,283058,105.23274499999999
2026-08-26 04:00:00+00:00,105.51000000000001,106.09,104.075,104.34,28403455,254694,104.59361800000001
2026-08-27 04:00:00+00:00,103.61,103.75,102.27,102.63,29823113,295087,102.743757
2026-08-28 04:00:00+00:00,103.09,103.395,102.5003,103.09,19425387,210490,102.99902400000001
2026-08-31 04:00:00+00:00,103.08,104.98699999999999,102.84,104.87,34206914,231080,104.622652
2026-09-01 04:00:00+00:00,105.11,106.64,104.66,105.92,22064225,259330,105.960234
2026-09-02 04:00:00+00:00,105.97,106.78,105.45999999999999,106.09,25183935,192963,106.12656200000001
2026-09-03 04:00:00+00:00,106.41500000000001,109.34999999999999,106.02,108.42,25520357,267612,108.31749499999999
2026-09-04 04:00:00+00:00,108.2,109.23,106.93000000000001,107.14,20531798,224151,107.580426
2026-09-08 04:00:00+00:00,106.78,106.90000000000001,105.66,106.05,22671774,228386,106.050217
2026-09-09 04:00:00+00:00,105.69,106.145,105.16,105.83,15466586,193427,105.809378
2026-09-10 04:00:00+00:00,106.17,107.155,105.59,105.73,17174001,186028,106.019707
2026-09-11 04:00:00+00:00,106.2,107.20999999999999,105.715,107.15000000000001,17068997,188550,106.72908
2026-09-14 04:00:00+00:00,108.08,109.735,108,109.08,23876958,244540,109.149193
2026-09-15 04:00:00+00:00,108.61,109.23999999999999,107.86,108.09,19332005,200945,108.43815499999999
2026-09-16 04:00:00+00:00,108.315,108.675,107.45,107.5,15142475,176592,107.876717
2026-09-17 04:00:00+00:00,107.8,107.8,106.15000000000001,106.79000000000001,19208944,202821,106.7341
2026-09-18 04:00:00+00:00,106.23999999999999,107.715,106.17,106.73,45324642,202797,106.901841
2026-09-21 04:00:00+00:00,106.16,107.7599,106.08,107.44,23987389,186514,107.29082099999999
2026-09-22 04:00:00+00:00,108.12,110.18689999999999,107.61,110.12,19364570,210243,109.451103
2026-09-23 04:00:00+00:00,110.215,111.23,109.48999999999999,110.53,22777084,199185,110.427042
2026-09-24 04:00:00+00:00,111.17,111.17,107.51000000000001,107.59,26164353,229493,108.53900400000001
2026-09-25 04:00:00+00:00,107.08,108.15000000000001,106.44499999999999,107.98,19601213,182602,107.647561
2026-09-28 04:00:00+00:00,107.90000000000001,109.41500000000001,107.27,108.73,17229860,183236,108.75306999999999
2026-09-29 04:00:00+00:00,107.75,107.90000000000001,105.352,106.8,27292258,243582,106.322205
2026-09-30 04:00:00+00:00,106.97,107.03,103.92,103.92,28169267,244599,104.73786800000001
2026-10-01 04:00:00+00:00,104.38,105.09999999999999,103.58499999999999,104.26000000000001,23059287,211589,104.426643
2026-10-02 04:00:00+00:00,104.94,105.14,103.81010000000001,104.26000000000001,23292155,207634,104.29109099999999
2026-10-05 04:00:00+00:00,103.84,105.09999999999999,103.39,105.06999999999999,19250817,176164,104.61958
2026-10-06 04:00:00+00:00,104.5,107.55,104.5,107.2,22040633,196444,106.707801
